/*
Navicat MySQL Data Transfer

Source Server         : shu
Source Server Version : 50716
Source Host           : localhost:3306
Source Database       : cg

Target Server Type    : MYSQL
Target Server Version : 50716
File Encoding         : 65001

Date: 2017-06-30 15:18:16
*/

SET FOREIGN_KEY_CHECKS=0;

-- ----------------------------
-- Table structure for blank_record
-- ----------------------------
DROP TABLE IF EXISTS `blank_record`;
CREATE TABLE `blank_record` (
  `id` int(11) NOT NULL AUTO_INCREMENT COMMENT '胚料记录id',
  `consume_num` char(14) NOT NULL COMMENT '损耗编号',
  `product_model_info_id` int(11) NOT NULL COMMENT '产品型号id',
  `staff_id` int(11) NOT NULL COMMENT '登记者id',
  `staff_name` varchar(20) NOT NULL COMMENT '登记者名字',
  `blowon_date` bigint(20) NOT NULL COMMENT '开炉日期',
  `material_consume` float(9,2) NOT NULL COMMENT '原料消耗总量',
  `blank_produce` float(9,2) NOT NULL COMMENT '胚料产出总量',
  `loss_ratio` float(4,2) NOT NULL COMMENT '开炉损耗比',
  PRIMARY KEY (`id`),
  KEY `staff_id` (`staff_id`),
  KEY `product_model_info_id` (`product_model_info_id`),
  CONSTRAINT `blank_record_ibfk_1` FOREIGN KEY (`staff_id`) REFERENCES `staff` (`staff_id`),
  CONSTRAINT `blank_record_ibfk_2` FOREIGN KEY (`product_model_info_id`) REFERENCES `product_model_info` (`id`)
) ENGINE=InnoDB AUTO_INCREMENT=52 DEFAULT CHARSET=utf8 COMMENT='胚料记录';

-- ----------------------------
-- Records of blank_record
-- ----------------------------
INSERT INTO `blank_record` VALUES ('1', 'GK201710298888', '1', '1', 'lhs', '20171029', '30.00', '300.00', '0.00');
INSERT INTO `blank_record` VALUES ('2', 'GK201703068888', '2', '1', 'lhs', '20171030', '400.00', '100.00', '0.25');
INSERT INTO `blank_record` VALUES ('3', 'GK201703068888', '1', '1', 'lhs', '2017102930', '30.00', '20.00', '66.67');
INSERT INTO `blank_record` VALUES ('4', 'GK201703068888', '1', '1', 'lhs', '2017112034', '30.00', '20.00', '66.67');
INSERT INTO `blank_record` VALUES ('5', 'GK201703068888', '1', '1', 'lhs', '20171120341', '30.00', '20.00', '66.67');
INSERT INTO `blank_record` VALUES ('6', 'GK201703068888', '1', '1', 'lhs', '201710293', '800.00', '20.00', '66.67');
INSERT INTO `blank_record` VALUES ('7', 'GK201703228888', '1', '1', 'lhs', '20171120341', '30.00', '20.00', '66.67');
INSERT INTO `blank_record` VALUES ('8', 'GK201703068888', '1', '1', 'lhs', '20171120341', '30.00', '20.00', '66.67');
INSERT INTO `blank_record` VALUES ('11', 'GK201706110001', '1', '1', 'lhs', '1497110400000', '30.00', '20.00', '66.67');
INSERT INTO `blank_record` VALUES ('12', 'GK201706110002', '1', '1', 'lhs', '1497110400000', '30.00', '20.00', '66.67');
INSERT INTO `blank_record` VALUES ('13', 'GK201706110003', '1', '1', 'lhs', '1497110400000', '30.00', '20.00', '66.67');
INSERT INTO `blank_record` VALUES ('14', 'GK201706110004', '1', '1', 'lhs', '1497110400000', '30.00', '20.00', '66.67');
INSERT INTO `blank_record` VALUES ('15', 'GK201706110005', '1', '1', 'lhs', '1497110400000', '30.00', '20.00', '66.67');
INSERT INTO `blank_record` VALUES ('16', 'GK201706110006', '1', '1', 'lhs', '1497110400000', '30.00', '20.00', '66.67');
INSERT INTO `blank_record` VALUES ('17', 'GK197001010015', '1', '1', 'lhs', '20171029', '30.00', '20.00', '1.03');
INSERT INTO `blank_record` VALUES ('18', 'GK201706110008', '1', '1', 'lhs', '1497110400000', '30.00', '20.00', '0.90');
INSERT INTO `blank_record` VALUES ('19', 'GK197001010017', '1', '1', 'lhs', '20171029', '30.00', '300.00', '0.18');
INSERT INTO `blank_record` VALUES ('20', 'GK201706110009', '1', '1', 'lhs', '1497110400000', '30.00', '20.00', '0.90');
INSERT INTO `blank_record` VALUES ('21', 'GK197001010019', '1', '1', 'lhs', '20171029', '30.00', '300.00', '0.18');
INSERT INTO `blank_record` VALUES ('22', 'GK201706110010', '1', '1', 'lhs', '1497110400000', '30.00', '100.00', '0.83');
INSERT INTO `blank_record` VALUES ('23', 'GK197001010021', '1', '1', 'lhs', '20171029', '30.00', '300.00', '0.18');
INSERT INTO `blank_record` VALUES ('24', 'GK201706110011', '1', '1', 'lhs', '1497110400000', '30.00', '20.00', '1.50');
INSERT INTO `blank_record` VALUES ('25', 'GK197001010023', '1', '1', 'lhs', '20170101', '250.00', '999.00', '-0.28');
INSERT INTO `blank_record` VALUES ('26', 'SH201706110011', '1', '1', 'lhs', '1497110400000', '250.00', '369.00', '1.24');
INSERT INTO `blank_record` VALUES ('27', 'SH201706110012', '1', '1', 'lhs', '1497110400000', '250.00', '369.00', '1.30');
INSERT INTO `blank_record` VALUES ('28', 'SH201706110012', '1', '1', 'lhs', '1497110400000', '250.00', '369.00', '1.30');
INSERT INTO `blank_record` VALUES ('29', 'SH201706110012', '1', '1', 'lhs', '1497110400000', '250.00', '888.00', '1.23');
INSERT INTO `blank_record` VALUES ('30', 'SH201706110015', '1', '1', 'lhs', '1497110400000', '250.00', '666.00', '1.28');
INSERT INTO `blank_record` VALUES ('31', 'SH201706110015', '1', '1', 'lhs', '1497110400000', '250.00', '666.00', '1.28');
INSERT INTO `blank_record` VALUES ('32', 'SH201706110016', '1', '1', 'lhs', '1497110400000', '250.00', '666.00', '1.28');
INSERT INTO `blank_record` VALUES ('33', 'SH201706110018', '1', '1', 'lhs', '1497110400000', '250.00', '666.00', '1.28');
INSERT INTO `blank_record` VALUES ('34', 'SH201706110018', '1', '1', 'lhs', '1497110400000', '250.00', '666.00', '1.28');
INSERT INTO `blank_record` VALUES ('35', 'SH201706110020', '1', '1', 'lhs', '1497110400000', '250.00', '666.00', '1.28');
INSERT INTO `blank_record` VALUES ('36', 'SH201706110021', '1', '1', 'lhs', '1497110400000', '250.00', '666.00', '1.28');
INSERT INTO `blank_record` VALUES ('37', 'SH201706110022', '1', '1', 'lhs', '1497110400000', '250.00', '666.00', '1.28');
INSERT INTO `blank_record` VALUES ('38', 'SH201706110021', '1', '1', 'lhs', '1497110400000', '250.00', '666.00', '1.28');
INSERT INTO `blank_record` VALUES ('39', 'SH201706110024', '1', '1', 'lhs', '1497110400000', '250.00', '666.00', '1.28');
INSERT INTO `blank_record` VALUES ('40', 'SH201706110024', '1', '1', 'lhs', '1497110400000', '250.00', '666.00', '1.28');
INSERT INTO `blank_record` VALUES ('41', 'SH201706110025', '1', '1', 'lhs', '1497110400000', '250.00', '666.00', '1.28');
INSERT INTO `blank_record` VALUES ('42', 'SH201706110027', '1', '1', 'lhs', '1497110400000', '250.00', '666.00', '1.28');
INSERT INTO `blank_record` VALUES ('43', 'SH201706110027', '1', '1', 'lhs', '1497110400000', '250.00', '666.00', '1.28');
INSERT INTO `blank_record` VALUES ('44', 'SH201706110029', '1', '1', 'lhs', '1497110400000', '250.00', '666.00', '1.28');
INSERT INTO `blank_record` VALUES ('45', 'SH201706110030', '1', '1', 'lhs', '1497110400000', '250.00', '666.00', '1.28');
INSERT INTO `blank_record` VALUES ('46', 'SH201706110030', '1', '1', 'lhs', '1497110400000', '250.00', '666.00', '1.28');
INSERT INTO `blank_record` VALUES ('47', 'SH201706110032', '1', '1', 'lhs', '1497110400000', '250.00', '666.00', '1.28');
INSERT INTO `blank_record` VALUES ('48', 'SH201706110033', '1', '1', 'lhs', '1497110400000', '250.00', '666.00', '1.28');
INSERT INTO `blank_record` VALUES ('49', 'SH201706110033', '1', '1', 'lhs', '1497110400000', '250.00', '666.00', '1.28');
INSERT INTO `blank_record` VALUES ('50', 'SH201706110034', '1', '1', 'lhs', '1497110400000', '250.00', '666.00', '1.28');
INSERT INTO `blank_record` VALUES ('51', 'SH201706110036', '1', '1', 'lhs', '1497110400000', '250.00', '31.30', '1.34');

-- ----------------------------
-- Table structure for blowon_record
-- ----------------------------
DROP TABLE IF EXISTS `blowon_record`;
CREATE TABLE `blowon_record` (
  `id` int(11) NOT NULL AUTO_INCREMENT COMMENT '开炉记录id',
  `blowon_num` char(14) NOT NULL COMMENT '开炉编号',
  `staff_id` int(11) NOT NULL COMMENT '登记者id',
  `staff_name` varchar(20) NOT NULL COMMENT '登记者名字',
  `product_model_info_id` int(11) NOT NULL COMMENT '产品型号id',
  `blowon_date` bigint(20) NOT NULL COMMENT '开炉日期',
  `consume_ag` float(9,2) NOT NULL DEFAULT '0.00' COMMENT '银',
  `consume_cu` float(9,2) NOT NULL DEFAULT '0.00' COMMENT '铜',
  `consume_zn` float(9,2) NOT NULL DEFAULT '0.00' COMMENT '锌',
  `consume_cd` float(9,2) NOT NULL DEFAULT '0.00' COMMENT '镉',
  `consume_sn` float(9,2) NOT NULL DEFAULT '0.00' COMMENT '锡',
  `material_consume` float(9,2) NOT NULL COMMENT '原料消耗总量',
  `waste_consume` float(9,2) NOT NULL DEFAULT '0.00' COMMENT '废料消耗量',
  `leftover_consume` float(9,2) NOT NULL DEFAULT '0.00' COMMENT '边角料消耗量',
  PRIMARY KEY (`id`),
  KEY `staff_id` (`staff_id`),
  KEY `product_model_info_id` (`product_model_info_id`),
  CONSTRAINT `blowon_record_ibfk_1` FOREIGN KEY (`staff_id`) REFERENCES `staff` (`staff_id`),
  CONSTRAINT `blowon_record_ibfk_2` FOREIGN KEY (`product_model_info_id`) REFERENCES `product_model_info` (`id`)
) ENGINE=InnoDB AUTO_INCREMENT=266 DEFAULT CHARSET=utf8 COMMENT='开炉记录';

-- ----------------------------
-- Records of blowon_record
-- ----------------------------
INSERT INTO `blowon_record` VALUES ('1', 'GK201710298888', '1', 'lhs', '1', '20171129', '0.20', '0.20', '0.20', '0.30', '0.10', '200.00', '9.00', '7.00');
INSERT INTO `blowon_record` VALUES ('2', 'GK201711208822', '1', 'lhs', '1', '20171129', '0.20', '0.20', '0.20', '0.30', '0.10', '200.00', '9.00', '7.00');
INSERT INTO `blowon_record` VALUES ('3', 'GK201711208822', '1', 'lhs', '1', '20171029', '0.10', '0.10', '0.10', '0.10', '0.60', '30.00', '5.00', '10.00');
INSERT INTO `blowon_record` VALUES ('4', 'GK201711208822', '1', 'lhs', '1', '20171029', '0.10', '0.10', '0.10', '0.10', '0.60', '300.00', '10.00', '5.00');
INSERT INTO `blowon_record` VALUES ('12', 'GK201711208822', '1', 'lhs', '1', '20171120', '0.10', '0.10', '0.10', '0.10', '0.60', '3000.00', '1.00', '1.00');
INSERT INTO `blowon_record` VALUES ('13', 'GK201711208822', '1', 'lhs', '1', '20171120', '0.10', '0.10', '0.10', '0.10', '0.60', '30.00', '1.00', '1.00');
INSERT INTO `blowon_record` VALUES ('14', 'GK201711208822', '1', 'lhs', '1', '20171120', '0.10', '0.10', '0.10', '0.10', '0.60', '30.00', '1.00', '1.00');
INSERT INTO `blowon_record` VALUES ('15', 'GK201711208822', '1', 'lhs', '1', '20171120', '0.10', '0.10', '0.10', '0.10', '0.60', '30.00', '1.00', '1.00');
INSERT INTO `blowon_record` VALUES ('16', 'GK201711208822', '1', 'lhs', '1', '20171120', '0.10', '0.10', '0.10', '0.10', '0.60', '30.00', '1.00', '1.00');
INSERT INTO `blowon_record` VALUES ('17', 'GK201711208822', '1', 'lhs', '1', '20171120', '0.10', '0.10', '0.10', '0.10', '0.60', '30.00', '1.00', '1.00');
INSERT INTO `blowon_record` VALUES ('18', 'GK201711208822', '1', 'lhs', '1', '20171120', '0.10', '0.10', '0.10', '0.10', '0.60', '30.00', '1.00', '1.00');
INSERT INTO `blowon_record` VALUES ('19', 'GK201711208822', '1', 'lhs', '1', '20171120', '0.10', '0.10', '0.10', '0.10', '0.60', '30.00', '1.00', '1.00');
INSERT INTO `blowon_record` VALUES ('20', 'GK201711208822', '1', 'lhs', '1', '20171120', '0.10', '0.10', '0.10', '0.10', '0.60', '30.00', '1.00', '1.00');
INSERT INTO `blowon_record` VALUES ('21', 'GK201711208822', '1', 'lhs', '1', '20171120', '0.10', '0.10', '0.10', '0.10', '0.60', '30.00', '1.00', '1.00');
INSERT INTO `blowon_record` VALUES ('22', 'GK201711208822', '1', 'lhs', '1', '20171120', '0.10', '0.10', '0.10', '0.10', '0.60', '30.00', '1.00', '1.00');
INSERT INTO `blowon_record` VALUES ('23', 'GK201711208822', '1', 'lhs', '1', '20171120', '0.10', '0.10', '0.10', '0.10', '0.60', '30.00', '1.00', '1.00');
INSERT INTO `blowon_record` VALUES ('24', 'GK201711208822', '1', 'lhs', '1', '20171120', '0.10', '0.10', '0.10', '0.10', '0.60', '30.00', '1.00', '1.00');
INSERT INTO `blowon_record` VALUES ('25', 'GK201711208822', '1', 'lhs', '1', '20171120', '0.10', '0.10', '0.10', '0.10', '0.60', '30.00', '1.00', '1.00');
INSERT INTO `blowon_record` VALUES ('26', 'GK201711208822', '1', 'lhs', '1', '20171120', '0.10', '0.10', '0.10', '0.10', '0.60', '30.00', '1.00', '1.00');
INSERT INTO `blowon_record` VALUES ('27', 'GK201711208822', '1', 'lhs', '1', '20171120', '0.10', '0.10', '0.10', '0.10', '0.60', '30.00', '1.00', '1.00');
INSERT INTO `blowon_record` VALUES ('28', 'GK201711208822', '1', 'lhs', '1', '20171120', '0.10', '0.10', '0.10', '0.10', '0.60', '30.00', '1.00', '1.00');
INSERT INTO `blowon_record` VALUES ('29', 'GK201711208822', '1', 'lhs', '1', '20171120', '0.10', '0.10', '0.10', '0.10', '0.60', '30.00', '1.00', '1.00');
INSERT INTO `blowon_record` VALUES ('30', 'GK201711208822', '1', 'lhs', '1', '20171120', '0.10', '0.10', '0.10', '0.10', '0.60', '30.00', '1.00', '1.00');
INSERT INTO `blowon_record` VALUES ('31', 'GK201711208822', '1', 'lhs', '1', '20171120', '0.10', '0.10', '0.10', '0.10', '0.60', '30.00', '1.00', '1.00');
INSERT INTO `blowon_record` VALUES ('32', 'GK201711208822', '1', 'lhs', '1', '20171120', '0.10', '0.10', '0.10', '0.10', '0.60', '30.00', '1.00', '1.00');
INSERT INTO `blowon_record` VALUES ('33', 'GK201711208822', '1', 'lhs', '1', '20171120', '0.10', '0.10', '0.10', '0.10', '0.60', '30.00', '1.00', '1.00');
INSERT INTO `blowon_record` VALUES ('34', 'GK201711208822', '1', 'lhs', '1', '20171120', '0.10', '0.10', '0.10', '0.10', '0.60', '30.00', '1.00', '1.00');
INSERT INTO `blowon_record` VALUES ('35', 'GK201711208822', '1', 'lhs', '1', '20171120', '0.10', '0.10', '0.10', '0.10', '0.60', '30.00', '1.00', '1.00');
INSERT INTO `blowon_record` VALUES ('36', 'GK201711208822', '1', 'lhs', '1', '20171120', '0.10', '0.10', '0.10', '0.10', '0.60', '30.00', '1.00', '1.00');
INSERT INTO `blowon_record` VALUES ('37', 'GK201710300000', '1', 'lhs', '1', '20171030', '0.10', '0.10', '0.10', '0.40', '0.30', '2000.00', '40.00', '78.00');
INSERT INTO `blowon_record` VALUES ('38', 'GK201711208822', '1', 'lhs', '1', '2017112011', '0.10', '0.10', '0.10', '0.10', '0.60', '30.00', '1.00', '1.00');
INSERT INTO `blowon_record` VALUES ('39', 'GK201711208822', '1', 'lhs', '1', '2017112034', '0.10', '0.10', '0.10', '0.10', '0.60', '30.00', '1.00', '1.00');
INSERT INTO `blowon_record` VALUES ('40', 'GK201711208822', '1', 'lhs', '1', '2017112034', '0.10', '0.10', '0.10', '0.10', '0.60', '30.00', '1.00', '1.00');
INSERT INTO `blowon_record` VALUES ('41', 'GK201711208822', '1', 'lhs', '1', '2017112034', '0.10', '0.10', '0.10', '0.10', '0.60', '30.00', '1.00', '1.00');
INSERT INTO `blowon_record` VALUES ('42', 'GK201711208822', '1', 'lhs', '1', '2017112034', '0.10', '0.10', '0.10', '0.10', '0.60', '30.00', '1.00', '1.00');
INSERT INTO `blowon_record` VALUES ('43', 'GK201711208822', '1', 'lhs', '1', '2017112034', '0.10', '0.10', '0.10', '0.10', '0.60', '30.00', '1.00', '1.00');
INSERT INTO `blowon_record` VALUES ('44', 'GK201711208822', '1', 'lhs', '1', '2017112034', '0.10', '0.10', '0.10', '0.10', '0.60', '30.00', '1.00', '1.00');
INSERT INTO `blowon_record` VALUES ('45', 'GK201711208822', '1', 'lhs', '1', '2017112034', '0.10', '0.10', '0.10', '0.10', '0.60', '30.00', '1.00', '1.00');
INSERT INTO `blowon_record` VALUES ('46', 'GK201711208822', '1', 'lhs', '1', '2017112034', '0.10', '0.10', '0.10', '0.10', '0.60', '30.00', '1.00', '1.00');
INSERT INTO `blowon_record` VALUES ('47', 'GK201711208822', '1', 'lhs', '1', '2017112034', '0.10', '0.10', '0.10', '0.10', '0.60', '30.00', '1.00', '1.00');
INSERT INTO `blowon_record` VALUES ('48', 'GK201711208822', '1', 'lhs', '1', '2017112034', '0.10', '0.10', '0.10', '0.10', '0.60', '30.00', '1.00', '1.00');
INSERT INTO `blowon_record` VALUES ('49', 'GK201711208822', '1', 'lhs', '1', '201711', '0.10', '0.10', '0.10', '0.10', '0.60', '30.00', '1.00', '1.00');
INSERT INTO `blowon_record` VALUES ('50', 'GK201711208822', '1', 'lhs', '1', '201711', '0.10', '0.10', '0.10', '0.10', '0.60', '30.00', '1.00', '1.00');
INSERT INTO `blowon_record` VALUES ('51', 'GK201711208822', '1', 'lhs', '1', '201711', '0.10', '0.10', '0.10', '0.10', '0.60', '30.00', '1.00', '1.00');
INSERT INTO `blowon_record` VALUES ('52', 'GK201711208822', '1', 'lhs', '1', '201711', '0.10', '0.10', '0.10', '0.10', '0.60', '30.00', '1.00', '1.00');
INSERT INTO `blowon_record` VALUES ('53', 'GK201711208822', '1', 'lhs', '1', '201711', '0.10', '0.10', '0.10', '0.10', '0.60', '30.00', '1.00', '1.00');
INSERT INTO `blowon_record` VALUES ('54', 'GK201711208822', '1', 'lhs', '1', '201711', '0.10', '0.10', '0.10', '0.10', '0.60', '30.00', '1.00', '1.00');
INSERT INTO `blowon_record` VALUES ('55', 'GK201711208822', '1', 'lhs', '1', '201711', '0.10', '0.10', '0.10', '0.10', '0.60', '30.00', '1.00', '1.00');
INSERT INTO `blowon_record` VALUES ('56', 'GK201711208822', '1', 'lhs', '1', '201711', '0.10', '0.10', '0.10', '0.10', '0.60', '30.00', '1.00', '1.00');
INSERT INTO `blowon_record` VALUES ('57', 'GK201711208822', '1', 'lhs', '1', '201711', '0.10', '0.10', '0.10', '0.10', '0.60', '30.00', '1.00', '1.00');
INSERT INTO `blowon_record` VALUES ('58', 'GK201711208822', '1', 'lhs', '1', '201711', '0.10', '0.10', '0.10', '0.10', '0.60', '30.00', '1.00', '1.00');
INSERT INTO `blowon_record` VALUES ('59', 'GK201711208822', '1', 'lhs', '1', '201711', '0.10', '0.10', '0.10', '0.10', '0.60', '30.00', '1.00', '1.00');
INSERT INTO `blowon_record` VALUES ('60', 'GK201711208822', '1', 'lhs', '1', '201711', '0.10', '0.10', '0.10', '0.10', '0.60', '30.00', '1.00', '1.00');
INSERT INTO `blowon_record` VALUES ('61', 'GK201711208822', '1', 'lhs', '1', '201711', '0.10', '0.10', '0.10', '0.10', '0.60', '30.00', '1.00', '1.00');
INSERT INTO `blowon_record` VALUES ('62', 'GK201711208822', '1', 'lhs', '1', '201711', '0.10', '0.10', '0.10', '0.10', '0.60', '30.00', '1.00', '1.00');
INSERT INTO `blowon_record` VALUES ('63', 'GK201711208822', '1', 'lhs', '1', '201711', '0.10', '0.10', '0.10', '0.10', '0.60', '30.00', '1.00', '1.00');
INSERT INTO `blowon_record` VALUES ('64', 'GK201711208822', '1', 'lhs', '1', '201711', '0.10', '0.10', '0.10', '0.10', '0.60', '30.00', '1.00', '1.00');
INSERT INTO `blowon_record` VALUES ('65', 'GK201711208822', '1', 'lhs', '1', '201711', '0.10', '0.10', '0.10', '0.10', '0.60', '30.00', '1.00', '1.00');
INSERT INTO `blowon_record` VALUES ('66', 'GK201711208822', '1', 'lhs', '1', '201711', '0.10', '0.10', '0.10', '0.10', '0.60', '30.00', '1.00', '1.00');
INSERT INTO `blowon_record` VALUES ('67', 'GK201711208822', '1', 'lhs', '1', '201711', '0.10', '0.10', '0.10', '0.10', '0.60', '30.00', '1.00', '1.00');
INSERT INTO `blowon_record` VALUES ('68', 'GK201711208822', '1', 'lhs', '1', '201711', '0.10', '0.10', '0.10', '0.10', '0.60', '30.00', '1.00', '1.00');
INSERT INTO `blowon_record` VALUES ('69', 'GK201711208822', '1', 'lhs', '1', '201711', '0.10', '0.10', '0.10', '0.10', '0.60', '30.00', '1.00', '1.00');
INSERT INTO `blowon_record` VALUES ('70', 'GK201711208822', '1', 'lhs', '1', '201711', '0.10', '0.10', '0.10', '0.10', '0.60', '30.00', '1.00', '1.00');
INSERT INTO `blowon_record` VALUES ('71', 'GK201711208822', '1', 'lhs', '1', '201711', '0.10', '0.10', '0.10', '0.10', '0.60', '30.00', '1.00', '1.00');
INSERT INTO `blowon_record` VALUES ('72', 'GK201711208822', '1', 'lhs', '1', '201711', '0.10', '0.10', '0.10', '0.10', '0.60', '30.00', '1.00', '1.00');
INSERT INTO `blowon_record` VALUES ('73', 'GK201711208822', '1', 'lhs', '1', '201711', '0.10', '0.10', '0.10', '0.10', '0.60', '30.00', '1.00', '1.00');
INSERT INTO `blowon_record` VALUES ('74', 'GK201711208822', '1', 'lhs', '1', '201711', '0.10', '0.10', '0.10', '0.10', '0.60', '30.00', '1.00', '1.00');
INSERT INTO `blowon_record` VALUES ('75', 'GK201711208822', '1', 'lhs', '1', '201711', '0.10', '0.10', '0.10', '0.10', '0.60', '30.00', '1.00', '1.00');
INSERT INTO `blowon_record` VALUES ('76', 'GK201711208822', '1', 'lhs', '1', '201711', '0.10', '0.10', '0.10', '0.10', '0.60', '30.00', '1.00', '1.00');
INSERT INTO `blowon_record` VALUES ('77', 'GK201711208822', '1', 'lhs', '1', '201711', '0.10', '0.10', '0.10', '0.10', '0.60', '30.00', '1.00', '1.00');
INSERT INTO `blowon_record` VALUES ('78', 'GK201711208822', '1', 'lhs', '1', '201711', '0.10', '0.10', '0.10', '0.10', '0.60', '30.00', '1.00', '1.00');
INSERT INTO `blowon_record` VALUES ('79', 'GK201711208822', '1', 'lhs', '1', '201711', '0.10', '0.10', '0.10', '0.10', '0.60', '30.00', '1.00', '1.00');
INSERT INTO `blowon_record` VALUES ('80', 'GK201711208822', '1', 'lhs', '1', '201711', '0.10', '0.10', '0.10', '0.10', '0.60', '30.00', '1.00', '1.00');
INSERT INTO `blowon_record` VALUES ('81', 'GK201711208822', '1', 'lhs', '1', '201711', '0.10', '0.10', '0.10', '0.10', '0.60', '30.00', '1.00', '1.00');
INSERT INTO `blowon_record` VALUES ('82', 'GK201711208822', '1', 'lhs', '1', '201711', '0.10', '0.10', '0.10', '0.10', '0.60', '30.00', '1.00', '1.00');
INSERT INTO `blowon_record` VALUES ('83', 'GK201711208822', '1', 'lhs', '1', '201711', '0.10', '0.10', '0.10', '0.10', '0.60', '30.00', '1.00', '1.00');
INSERT INTO `blowon_record` VALUES ('84', 'GK201711208822', '1', 'lhs', '1', '201711', '0.10', '0.10', '0.10', '0.10', '0.60', '30.00', '1.00', '1.00');
INSERT INTO `blowon_record` VALUES ('85', 'GK201711208822', '1', 'lhs', '1', '201711', '0.10', '0.10', '0.10', '0.10', '0.60', '30.00', '1.00', '1.00');
INSERT INTO `blowon_record` VALUES ('86', 'GK201711208822', '1', 'lhs', '1', '201711', '0.10', '0.10', '0.10', '0.10', '0.60', '30.00', '1.00', '1.00');
INSERT INTO `blowon_record` VALUES ('87', 'GK201711208822', '1', 'lhs', '1', '201711', '0.10', '0.10', '0.10', '0.10', '0.60', '30.00', '1.00', '1.00');
INSERT INTO `blowon_record` VALUES ('88', 'GK201711208822', '1', 'lhs', '1', '201711', '0.10', '0.10', '0.10', '0.10', '0.60', '30.00', '1.00', '1.00');
INSERT INTO `blowon_record` VALUES ('89', 'GK201711208822', '1', 'lhs', '1', '201711', '0.10', '0.10', '0.10', '0.10', '0.60', '30.00', '1.00', '1.00');
INSERT INTO `blowon_record` VALUES ('90', 'GK201711208822', '1', 'lhs', '1', '201711', '0.10', '0.10', '0.10', '0.10', '0.60', '30.00', '1.00', '1.00');
INSERT INTO `blowon_record` VALUES ('91', 'GK201711208822', '1', 'lhs', '1', '201711', '0.10', '0.10', '0.10', '0.10', '0.60', '30.00', '1.00', '1.00');
INSERT INTO `blowon_record` VALUES ('92', 'GK201711208822', '1', 'lhs', '1', '201711', '0.10', '0.10', '0.10', '0.10', '0.60', '30.00', '1.00', '1.00');
INSERT INTO `blowon_record` VALUES ('93', 'GK201711208822', '1', 'lhs', '1', '201711', '0.10', '0.10', '0.10', '0.10', '0.60', '30.00', '1.00', '1.00');
INSERT INTO `blowon_record` VALUES ('94', 'GK201711208822', '1', 'lhs', '1', '201711', '0.10', '0.10', '0.10', '0.10', '0.60', '30.00', '1.00', '1.00');
INSERT INTO `blowon_record` VALUES ('95', 'GK201711208822', '1', 'lhs', '1', '201711', '0.10', '0.10', '0.10', '0.10', '0.60', '30.00', '1.00', '1.00');
INSERT INTO `blowon_record` VALUES ('96', 'GK201711208822', '1', 'lhs', '1', '201711', '0.10', '0.10', '0.10', '0.10', '0.60', '30.00', '1.00', '1.00');
INSERT INTO `blowon_record` VALUES ('97', 'GK201711208822', '1', 'lhs', '1', '201711', '0.10', '0.10', '0.10', '0.10', '0.60', '30.00', '1.00', '1.00');
INSERT INTO `blowon_record` VALUES ('98', 'GK201711208822', '1', 'lhs', '1', '201711', '0.10', '0.10', '0.10', '0.10', '0.60', '30.00', '1.00', '1.00');
INSERT INTO `blowon_record` VALUES ('99', 'GK201711208822', '1', 'lhs', '1', '201711', '0.10', '0.10', '0.10', '0.10', '0.60', '30.00', '1.00', '1.00');
INSERT INTO `blowon_record` VALUES ('100', 'GK201711208822', '1', 'lhs', '1', '201711', '0.10', '0.10', '0.10', '0.10', '0.60', '30.00', '1.00', '1.00');
INSERT INTO `blowon_record` VALUES ('101', 'GK201711208822', '1', 'lhs', '1', '201711', '0.10', '0.10', '0.10', '0.10', '0.60', '30.00', '1.00', '1.00');
INSERT INTO `blowon_record` VALUES ('102', 'GK201711208822', '1', 'lhs', '1', '201711', '0.10', '0.10', '0.10', '0.10', '0.60', '30.00', '1.00', '1.00');
INSERT INTO `blowon_record` VALUES ('103', 'GK201711208822', '1', 'lhs', '1', '201711', '0.10', '0.10', '0.10', '0.10', '0.60', '30.00', '1.00', '1.00');
INSERT INTO `blowon_record` VALUES ('104', 'GK201711208822', '1', 'lhs', '1', '201711', '0.10', '0.10', '0.10', '0.10', '0.60', '30.00', '1.00', '1.00');
INSERT INTO `blowon_record` VALUES ('105', 'GK201711208822', '1', 'lhs', '1', '201711', '0.10', '0.10', '0.10', '0.10', '0.60', '30.00', '1.00', '1.00');
INSERT INTO `blowon_record` VALUES ('106', 'GK201711208822', '1', 'lhs', '1', '201711', '0.10', '0.10', '0.10', '0.10', '0.60', '30.00', '1.00', '1.00');
INSERT INTO `blowon_record` VALUES ('107', 'GK201711208822', '1', 'lhs', '1', '201711', '0.10', '0.10', '0.10', '0.10', '0.60', '30.00', '1.00', '1.00');
INSERT INTO `blowon_record` VALUES ('108', 'GK201711208822', '1', 'lhs', '1', '201711', '0.10', '0.10', '0.10', '0.10', '0.60', '30.00', '1.00', '1.00');
INSERT INTO `blowon_record` VALUES ('109', 'GK201711208822', '1', 'lhs', '1', '201711', '0.10', '0.10', '0.10', '0.10', '0.60', '30.00', '1.00', '1.00');
INSERT INTO `blowon_record` VALUES ('110', 'GK201711208822', '1', 'lhs', '1', '201711', '0.10', '0.10', '0.10', '0.10', '0.60', '30.00', '1.00', '1.00');
INSERT INTO `blowon_record` VALUES ('111', 'GK201711208822', '1', 'lhs', '1', '201711', '0.10', '0.10', '0.10', '0.10', '0.60', '30.00', '1.00', '1.00');
INSERT INTO `blowon_record` VALUES ('112', 'GK201711208822', '1', 'lhs', '1', '201711', '0.10', '0.10', '0.10', '0.10', '0.60', '30.00', '1.00', '1.00');
INSERT INTO `blowon_record` VALUES ('113', 'GK201711208822', '1', 'lhs', '1', '201711', '0.10', '0.10', '0.10', '0.10', '0.60', '30.00', '1.00', '1.00');
INSERT INTO `blowon_record` VALUES ('114', 'GK201711208822', '1', 'lhs', '1', '201711', '0.10', '0.10', '0.10', '0.10', '0.60', '30.00', '1.00', '1.00');
INSERT INTO `blowon_record` VALUES ('115', 'GK201711208822', '1', 'lhs', '1', '201711', '0.10', '0.10', '0.10', '0.10', '0.60', '30.00', '1.00', '1.00');
INSERT INTO `blowon_record` VALUES ('116', 'GK201711208822', '1', 'lhs', '1', '201711', '0.10', '0.10', '0.10', '0.10', '0.60', '30.00', '1.00', '1.00');
INSERT INTO `blowon_record` VALUES ('117', 'GK201711208822', '1', 'lhs', '1', '201711', '0.10', '0.10', '0.10', '0.10', '0.60', '30.00', '1.00', '1.00');
INSERT INTO `blowon_record` VALUES ('118', 'GK201711208822', '1', 'lhs', '1', '201711', '0.10', '0.10', '0.10', '0.10', '0.60', '30.00', '1.00', '1.00');
INSERT INTO `blowon_record` VALUES ('119', 'GK201711208822', '1', 'lhs', '1', '201711', '0.10', '0.10', '0.10', '0.10', '0.60', '30.00', '1.00', '1.00');
INSERT INTO `blowon_record` VALUES ('120', 'GK201711208822', '1', 'lhs', '1', '201711', '0.10', '0.10', '0.10', '0.10', '0.60', '30.00', '1.00', '1.00');
INSERT INTO `blowon_record` VALUES ('121', 'GK201711208822', '1', 'lhs', '1', '201711', '0.10', '0.10', '0.10', '0.10', '0.60', '30.00', '1.00', '1.00');
INSERT INTO `blowon_record` VALUES ('122', 'GK201711208822', '1', 'lhs', '1', '201711', '0.10', '0.10', '0.10', '0.10', '0.60', '30.00', '1.00', '1.00');
INSERT INTO `blowon_record` VALUES ('123', 'GK201711208822', '1', 'lhs', '1', '201711', '0.10', '0.10', '0.10', '0.10', '0.60', '30.00', '1.00', '1.00');
INSERT INTO `blowon_record` VALUES ('124', 'GK201711208822', '1', 'lhs', '1', '201711', '0.10', '0.10', '0.10', '0.10', '0.60', '30.00', '1.00', '1.00');
INSERT INTO `blowon_record` VALUES ('125', 'GK201711208822', '1', 'lhs', '1', '201711', '0.10', '0.10', '0.10', '0.10', '0.60', '30.00', '1.00', '1.00');
INSERT INTO `blowon_record` VALUES ('126', 'GK201711208822', '1', 'lhs', '1', '201711', '0.10', '0.10', '0.10', '0.10', '0.60', '30.00', '1.00', '1.00');
INSERT INTO `blowon_record` VALUES ('127', 'GK201711208822', '1', 'lhs', '1', '201711', '0.10', '0.10', '0.10', '0.10', '0.60', '30.00', '1.00', '1.00');
INSERT INTO `blowon_record` VALUES ('128', 'GK201711208822', '1', 'lhs', '1', '201711', '0.10', '0.10', '0.10', '0.10', '0.60', '30.00', '1.00', '1.00');
INSERT INTO `blowon_record` VALUES ('129', 'GK201711208822', '1', 'lhs', '1', '201711', '0.10', '0.10', '0.10', '0.10', '0.60', '30.00', '1.00', '1.00');
INSERT INTO `blowon_record` VALUES ('130', 'GK201711208822', '1', 'lhs', '1', '201711', '0.10', '0.10', '0.10', '0.10', '0.60', '30.00', '1.00', '1.00');
INSERT INTO `blowon_record` VALUES ('131', 'GK201711208822', '1', 'lhs', '1', '201711', '0.10', '0.10', '0.10', '0.10', '0.60', '30.00', '1.00', '1.00');
INSERT INTO `blowon_record` VALUES ('132', 'GK201711208822', '1', 'lhs', '1', '201711', '0.10', '0.10', '0.10', '0.10', '0.60', '30.00', '1.00', '1.00');
INSERT INTO `blowon_record` VALUES ('133', 'GK201711208822', '1', 'lhs', '1', '201711', '0.10', '0.10', '0.10', '0.10', '0.60', '30.00', '1.00', '1.00');
INSERT INTO `blowon_record` VALUES ('134', 'GK201711208822', '1', 'lhs', '1', '201711', '0.10', '0.10', '0.10', '0.10', '0.60', '30.00', '1.00', '1.00');
INSERT INTO `blowon_record` VALUES ('135', 'GK201711208822', '1', 'lhs', '1', '201711', '0.10', '0.10', '0.10', '0.10', '0.60', '30.00', '1.00', '1.00');
INSERT INTO `blowon_record` VALUES ('136', 'GK201711208822', '1', 'lhs', '1', '201711', '0.10', '0.10', '0.10', '0.10', '0.60', '30.00', '1.00', '1.00');
INSERT INTO `blowon_record` VALUES ('137', 'GK201711208822', '1', 'lhs', '1', '201711', '0.10', '0.10', '0.10', '0.10', '0.60', '30.00', '1.00', '1.00');
INSERT INTO `blowon_record` VALUES ('138', 'GK201711208822', '1', 'lhs', '1', '201711', '0.10', '0.10', '0.10', '0.10', '0.60', '30.00', '1.00', '1.00');
INSERT INTO `blowon_record` VALUES ('139', 'GK201711208822', '1', 'lhs', '1', '201711', '0.10', '0.10', '0.10', '0.10', '0.60', '30.00', '1.00', '1.00');
INSERT INTO `blowon_record` VALUES ('140', 'GK201711208822', '1', 'lhs', '1', '201711', '0.10', '0.10', '0.10', '0.10', '0.60', '30.00', '1.00', '1.00');
INSERT INTO `blowon_record` VALUES ('141', 'GK201711208822', '1', 'lhs', '1', '201711', '0.10', '0.10', '0.10', '0.10', '0.60', '30.00', '1.00', '1.00');
INSERT INTO `blowon_record` VALUES ('142', 'GK201711208822', '1', 'lhs', '1', '201711', '0.10', '0.10', '0.10', '0.10', '0.60', '30.00', '1.00', '1.00');
INSERT INTO `blowon_record` VALUES ('143', 'GK201711208822', '1', 'lhs', '1', '201711', '0.10', '0.10', '0.10', '0.10', '0.60', '30.00', '1.00', '1.00');
INSERT INTO `blowon_record` VALUES ('144', 'GK201711208822', '1', 'lhs', '1', '201711', '0.10', '0.10', '0.10', '0.10', '0.60', '30.00', '1.00', '1.00');
INSERT INTO `blowon_record` VALUES ('145', 'GK201711208822', '1', 'lhs', '1', '201711', '0.10', '0.10', '0.10', '0.10', '0.60', '30.00', '1.00', '1.00');
INSERT INTO `blowon_record` VALUES ('146', 'GK201711208822', '1', 'lhs', '1', '201711', '0.10', '0.10', '0.10', '0.10', '0.60', '30.00', '1.00', '1.00');
INSERT INTO `blowon_record` VALUES ('147', 'GK201711208822', '1', 'lhs', '1', '201711', '0.10', '0.10', '0.10', '0.10', '0.60', '30.00', '1.00', '1.00');
INSERT INTO `blowon_record` VALUES ('148', 'GK201711208822', '1', 'lhs', '1', '201711', '0.10', '0.10', '0.10', '0.10', '0.60', '30.00', '1.00', '1.00');
INSERT INTO `blowon_record` VALUES ('149', 'GK201711208822', '1', 'lhs', '1', '201711', '0.10', '0.10', '0.10', '0.10', '0.60', '30.00', '1.00', '1.00');
INSERT INTO `blowon_record` VALUES ('150', 'GK201711208822', '1', 'lhs', '1', '201711', '0.10', '0.10', '0.10', '0.10', '0.60', '30.00', '1.00', '1.00');
INSERT INTO `blowon_record` VALUES ('151', 'GK201711208822', '1', 'lhs', '1', '201711', '0.10', '0.10', '0.10', '0.10', '0.60', '30.00', '1.00', '1.00');
INSERT INTO `blowon_record` VALUES ('152', 'GK201711208822', '1', 'lhs', '1', '201711', '0.10', '0.10', '0.10', '0.10', '0.60', '30.00', '1.00', '1.00');
INSERT INTO `blowon_record` VALUES ('153', 'GK201711208822', '1', 'lhs', '1', '201711', '0.10', '0.10', '0.10', '0.10', '0.60', '30.00', '1.00', '1.00');
INSERT INTO `blowon_record` VALUES ('154', 'GK201711208822', '1', 'lhs', '1', '201711', '0.10', '0.10', '0.10', '0.10', '0.60', '30.00', '1.00', '1.00');
INSERT INTO `blowon_record` VALUES ('155', 'GK201711208822', '1', 'lhs', '1', '201711', '0.10', '0.10', '0.10', '0.10', '0.60', '30.00', '1.00', '1.00');
INSERT INTO `blowon_record` VALUES ('156', 'GK201711208822', '1', 'lhs', '1', '201711', '0.10', '0.10', '0.10', '0.10', '0.60', '30.00', '1.00', '1.00');
INSERT INTO `blowon_record` VALUES ('157', 'GK201711208822', '1', 'lhs', '1', '201711', '0.10', '0.10', '0.10', '0.10', '0.60', '30.00', '1.00', '1.00');
INSERT INTO `blowon_record` VALUES ('158', 'GK201711208822', '1', 'lhs', '1', '201711', '0.10', '0.10', '0.10', '0.10', '0.60', '30.00', '1.00', '1.00');
INSERT INTO `blowon_record` VALUES ('159', 'GK201711208822', '1', 'lhs', '1', '201711', '0.10', '0.10', '0.10', '0.10', '0.60', '30.00', '1.00', '1.00');
INSERT INTO `blowon_record` VALUES ('160', 'GK201711208822', '1', 'lhs', '1', '201711', '0.10', '0.10', '0.10', '0.10', '0.60', '30.00', '1.00', '1.00');
INSERT INTO `blowon_record` VALUES ('161', 'GK201711208822', '1', 'lhs', '1', '201711', '0.10', '0.10', '0.10', '0.10', '0.60', '30.00', '1.00', '1.00');
INSERT INTO `blowon_record` VALUES ('162', 'GK201711208822', '1', 'lhs', '1', '201711', '0.10', '0.10', '0.10', '0.10', '0.60', '30.00', '1.00', '1.00');
INSERT INTO `blowon_record` VALUES ('163', 'GK201711208822', '1', 'lhs', '1', '201711', '0.10', '0.10', '0.10', '0.10', '0.60', '30.00', '1.00', '1.00');
INSERT INTO `blowon_record` VALUES ('164', 'GK201711208822', '1', 'lhs', '1', '201711', '0.10', '0.10', '0.10', '0.10', '0.60', '30.00', '1.00', '1.00');
INSERT INTO `blowon_record` VALUES ('165', 'GK201711208822', '1', 'lhs', '1', '201711', '0.10', '0.10', '0.10', '0.10', '0.60', '30.00', '1.00', '1.00');
INSERT INTO `blowon_record` VALUES ('166', 'GK201711208822', '1', 'lhs', '1', '201711', '0.10', '0.10', '0.10', '0.10', '0.60', '30.00', '1.00', '1.00');
INSERT INTO `blowon_record` VALUES ('167', 'GK201711208822', '1', 'lhs', '1', '201711', '0.10', '0.10', '0.10', '0.10', '0.60', '30.00', '1.00', '1.00');
INSERT INTO `blowon_record` VALUES ('168', 'GK201711208822', '1', 'lhs', '1', '201711', '0.10', '0.10', '0.10', '0.10', '0.60', '30.00', '1.00', '1.00');
INSERT INTO `blowon_record` VALUES ('169', 'GK201711208822', '1', 'lhs', '1', '201711', '0.10', '0.10', '0.10', '0.10', '0.60', '30.00', '1.00', '1.00');
INSERT INTO `blowon_record` VALUES ('170', 'GK201711208822', '1', 'lhs', '1', '201711', '0.10', '0.10', '0.10', '0.10', '0.60', '30.00', '1.00', '1.00');
INSERT INTO `blowon_record` VALUES ('171', 'GK201711208822', '1', 'lhs', '1', '201711', '0.10', '0.10', '0.10', '0.10', '0.60', '30.00', '1.00', '1.00');
INSERT INTO `blowon_record` VALUES ('172', 'GK201711208822', '1', 'lhs', '1', '201711', '0.10', '0.10', '0.10', '0.10', '0.60', '30.00', '1.00', '1.00');
INSERT INTO `blowon_record` VALUES ('173', 'GK201711208822', '1', 'lhs', '1', '201711', '0.10', '0.10', '0.10', '0.10', '0.60', '30.00', '1.00', '1.00');
INSERT INTO `blowon_record` VALUES ('174', 'GK201711208822', '1', 'lhs', '1', '201711', '0.10', '0.10', '0.10', '0.10', '0.60', '30.00', '1.00', '1.00');
INSERT INTO `blowon_record` VALUES ('175', 'GK201711208822', '1', 'lhs', '1', '201711', '0.10', '0.10', '0.10', '0.10', '0.60', '30.00', '1.00', '1.00');
INSERT INTO `blowon_record` VALUES ('176', 'GK201711208822', '1', 'lhs', '1', '201711', '0.10', '0.10', '0.10', '0.10', '0.60', '30.00', '1.00', '1.00');
INSERT INTO `blowon_record` VALUES ('177', 'GK201711208822', '1', 'lhs', '1', '201711', '0.10', '0.10', '0.10', '0.10', '0.60', '30.00', '1.00', '1.00');
INSERT INTO `blowon_record` VALUES ('178', 'GK201711208822', '1', 'lhs', '1', '201711', '0.10', '0.10', '0.10', '0.10', '0.60', '30.00', '1.00', '1.00');
INSERT INTO `blowon_record` VALUES ('179', 'GK201711208822', '1', 'lhs', '1', '201711', '0.10', '0.10', '0.10', '0.10', '0.60', '30.00', '1.00', '1.00');
INSERT INTO `blowon_record` VALUES ('180', 'GK201711208822', '1', 'lhs', '1', '201711', '0.10', '0.10', '0.10', '0.10', '0.60', '30.00', '1.00', '1.00');
INSERT INTO `blowon_record` VALUES ('181', 'GK201711208822', '1', 'lhs', '1', '201711', '0.10', '0.10', '0.10', '0.10', '0.60', '30.00', '1.00', '1.00');
INSERT INTO `blowon_record` VALUES ('182', 'GK201711208822', '1', 'lhs', '1', '201711', '0.10', '0.10', '0.10', '0.10', '0.60', '30.00', '1.00', '1.00');
INSERT INTO `blowon_record` VALUES ('183', 'GK201711208822', '1', 'lhs', '1', '201711', '0.10', '0.10', '0.10', '0.10', '0.60', '30.00', '1.00', '1.00');
INSERT INTO `blowon_record` VALUES ('184', 'GK201711208822', '1', 'lhs', '1', '201711', '0.10', '0.10', '0.10', '0.10', '0.60', '30.00', '1.00', '1.00');
INSERT INTO `blowon_record` VALUES ('185', 'GK201711208822', '1', 'lhs', '1', '201711', '0.10', '0.10', '0.10', '0.10', '0.60', '30.00', '1.00', '1.00');
INSERT INTO `blowon_record` VALUES ('186', 'GK201711208822', '1', 'lhs', '1', '201711', '0.10', '0.10', '0.10', '0.10', '0.60', '30.00', '1.00', '1.00');
INSERT INTO `blowon_record` VALUES ('187', 'GK201711208822', '1', 'lhs', '1', '201711', '0.10', '0.10', '0.10', '0.10', '0.60', '30.00', '1.00', '1.00');
INSERT INTO `blowon_record` VALUES ('188', 'GK201711208822', '1', 'lhs', '1', '201711', '0.10', '0.10', '0.10', '0.10', '0.60', '30.00', '1.00', '1.00');
INSERT INTO `blowon_record` VALUES ('189', 'GK201711208822', '1', 'lhs', '1', '201711', '0.10', '0.10', '0.10', '0.10', '0.60', '30.00', '1.00', '1.00');
INSERT INTO `blowon_record` VALUES ('190', 'GK201711208822', '1', 'lhs', '1', '201711', '0.10', '0.10', '0.10', '0.10', '0.60', '30.00', '1.00', '1.00');
INSERT INTO `blowon_record` VALUES ('191', 'GK201711208822', '1', 'lhs', '1', '201711', '0.10', '0.10', '0.10', '0.10', '0.60', '30.00', '1.00', '1.00');
INSERT INTO `blowon_record` VALUES ('192', 'GK201711208822', '1', 'lhs', '1', '201711', '0.10', '0.10', '0.10', '0.10', '0.60', '30.00', '1.00', '1.00');
INSERT INTO `blowon_record` VALUES ('193', 'GK201711208822', '1', 'lhs', '1', '201711', '0.10', '0.10', '0.10', '0.10', '0.60', '30.00', '1.00', '1.00');
INSERT INTO `blowon_record` VALUES ('194', 'GK201711208822', '1', 'lhs', '1', '201711', '0.10', '0.10', '0.10', '0.10', '0.60', '30.00', '1.00', '1.00');
INSERT INTO `blowon_record` VALUES ('195', 'GK201711208822', '1', 'lhs', '1', '201711', '0.10', '0.10', '0.10', '0.10', '0.60', '30.00', '1.00', '1.00');
INSERT INTO `blowon_record` VALUES ('196', 'GK201711208822', '1', 'lhs', '1', '201711', '0.10', '0.10', '0.10', '0.10', '0.60', '30.00', '1.00', '1.00');
INSERT INTO `blowon_record` VALUES ('197', 'GK201711208822', '1', 'lhs', '1', '201711', '0.10', '0.10', '0.10', '0.10', '0.60', '30.00', '1.00', '1.00');
INSERT INTO `blowon_record` VALUES ('198', 'GK201711208822', '1', 'lhs', '1', '201711', '0.10', '0.10', '0.10', '0.10', '0.60', '30.00', '1.00', '1.00');
INSERT INTO `blowon_record` VALUES ('199', 'GK201711208822', '1', 'lhs', '1', '201711', '0.10', '0.10', '0.10', '0.10', '0.60', '30.00', '1.00', '1.00');
INSERT INTO `blowon_record` VALUES ('200', 'GK201711208822', '1', 'lhs', '1', '201711', '0.10', '0.10', '0.10', '0.10', '0.60', '30.00', '1.00', '1.00');
INSERT INTO `blowon_record` VALUES ('201', 'GK201711558822', '1', 'lhs', '1', '201711', '0.10', '0.10', '0.10', '0.10', '0.60', '30.00', '1.00', '1.00');
INSERT INTO `blowon_record` VALUES ('202', 'GK201711888822', '1', 'lhs', '1', '201711', '0.10', '0.10', '0.10', '0.10', '0.60', '30.00', '1.00', '1.00');
INSERT INTO `blowon_record` VALUES ('203', 'GK201711558822', '1', 'lhs', '1', '201711', '0.10', '0.10', '0.10', '0.10', '0.60', '30.00', '1.00', '1.00');
INSERT INTO `blowon_record` VALUES ('204', 'GK201711558822', '1', 'lhs', '1', '201711', '0.10', '0.10', '0.10', '0.10', '0.60', '30.00', '1.00', '1.00');
INSERT INTO `blowon_record` VALUES ('205', 'GK201711558822', '1', 'lhs', '1', '201711', '0.10', '0.10', '0.10', '0.10', '0.60', '30.00', '1.00', '1.00');
INSERT INTO `blowon_record` VALUES ('206', 'GK201711558822', '1', 'lhs', '1', '201711', '0.10', '0.10', '0.10', '0.10', '0.60', '30.00', '1.00', '1.00');
INSERT INTO `blowon_record` VALUES ('207', 'GK201711558822', '1', 'lhs', '1', '201711', '0.10', '0.10', '0.10', '0.10', '0.60', '30.00', '1.00', '1.00');
INSERT INTO `blowon_record` VALUES ('210', 'GK201706110001', '1', 'lhs', '1', '1497110400000', '0.10', '0.10', '0.10', '0.10', '0.60', '30.00', '10.00', '10.00');
INSERT INTO `blowon_record` VALUES ('211', 'GK201706110002', '1', 'lhs', '1', '1497110400000', '0.10', '0.10', '0.10', '0.10', '0.60', '30.00', '10.00', '10.00');
INSERT INTO `blowon_record` VALUES ('212', 'GK201706110003', '1', 'lhs', '1', '1497110400000', '0.10', '0.10', '0.10', '0.10', '0.60', '30.00', '10.00', '10.00');
INSERT INTO `blowon_record` VALUES ('213', 'GK201706110004', '1', 'lhs', '1', '1497110400000', '0.10', '0.10', '0.10', '0.10', '0.60', '30.00', '10.00', '10.00');
INSERT INTO `blowon_record` VALUES ('214', 'GK201706210001', '1', 'lhs', '1', '1497974800000', '0.10', '0.10', '0.10', '0.10', '0.60', '30.00', '1.00', '1.00');
INSERT INTO `blowon_record` VALUES ('223', 'GK197001010047', '1', 'lhs', '1', '20170101', '1.00', '2.00', '3.00', '4.00', '5.00', '250.00', '6.00', '7.00');
INSERT INTO `blowon_record` VALUES ('224', 'GK197001010048', '1', 'lhs', '1', '20170101', '1.00', '2.00', '3.00', '4.00', '5.00', '250.00', '6.00', '7.00');
INSERT INTO `blowon_record` VALUES ('225', 'GK197001010049', '1', 'lhs', '1', '20170101', '1.00', '2.00', '3.00', '4.00', '5.00', '250.00', '6.00', '7.00');
INSERT INTO `blowon_record` VALUES ('226', 'GK201706110006', '1', 'lhs', '1', '1497110400000', '1.00', '2.00', '3.00', '4.00', '5.00', '250.00', '6.00', '7.00');
INSERT INTO `blowon_record` VALUES ('227', 'GK201706110007', '1', 'lhs', '1', '1497110400000', '1.00', '2.00', '3.00', '4.00', '5.00', '250.00', '6.00', '7.00');
INSERT INTO `blowon_record` VALUES ('228', 'GK201706110008', '1', 'lhs', '1', '1497110400000', '1.00', '2.00', '3.00', '4.00', '5.00', '250.00', '6.00', '7.00');
INSERT INTO `blowon_record` VALUES ('229', 'GK201706110008', '1', 'lhs', '1', '1497110400000', '1.00', '2.00', '3.00', '4.00', '5.00', '250.00', '6.00', '7.00');
INSERT INTO `blowon_record` VALUES ('230', 'GK201706110010', '1', 'lhs', '1', '1497110400000', '1.00', '2.00', '3.00', '4.00', '5.00', '250.00', '6.00', '7.00');
INSERT INTO `blowon_record` VALUES ('231', 'GK201706110011', '1', 'lhs', '1', '1497110400000', '11.00', '22.00', '33.00', '44.00', '55.00', '250.00', '66.00', '77.00');
INSERT INTO `blowon_record` VALUES ('232', 'GK201706110012', '1', 'lhs', '1', '1497110400000', '15.00', '354.00', '13218.00', '55.00', '11.00', '250.00', '32.00', '78.00');
INSERT INTO `blowon_record` VALUES ('233', 'GK201706110013', '1', 'lhs', '1', '1497110400000', '11.00', '22.00', '33.00', '44.00', '55.00', '250.00', '66.00', '77.00');
INSERT INTO `blowon_record` VALUES ('234', 'GK201706110012', '1', 'lhs', '1', '1497110400000', '1.00', '2.00', '3.00', '4.00', '5.00', '250.00', '6.00', '7.00');
INSERT INTO `blowon_record` VALUES ('235', 'GK201706110013', '1', 'lhs', '1', '1497110400000', '11.00', '22.00', '33.00', '44.00', '55.00', '250.00', '66.00', '77.00');
INSERT INTO `blowon_record` VALUES ('236', 'GK201706110012', '1', 'lhs', '1', '1497110400000', '1.00', '2.00', '3.00', '4.00', '5.00', '250.00', '6.00', '7.00');
INSERT INTO `blowon_record` VALUES ('237', 'GK201706110013', '1', 'lhs', '1', '1497110400000', '11.00', '22.00', '33.00', '44.00', '55.00', '250.00', '66.00', '77.00');
INSERT INTO `blowon_record` VALUES ('238', 'GK201706110018', '1', 'lhs', '1', '1497110400000', '1.00', '2.00', '3.00', '4.00', '5.00', '250.00', '6.00', '7.00');
INSERT INTO `blowon_record` VALUES ('239', 'GK201706110019', '1', 'lhs', '1', '1497110400000', '11.00', '22.00', '33.00', '44.00', '55.00', '250.00', '66.00', '77.00');
INSERT INTO `blowon_record` VALUES ('240', 'GK201706110020', '1', 'lhs', '1', '1497110400000', '1.00', '2.00', '3.00', '4.00', '5.00', '250.00', '6.00', '7.00');
INSERT INTO `blowon_record` VALUES ('241', 'GK201706110021', '1', 'lhs', '1', '1497110400000', '11.00', '22.00', '33.00', '44.00', '55.00', '250.00', '66.00', '77.00');
INSERT INTO `blowon_record` VALUES ('242', 'GK201706110022', '1', 'lhs', '1', '1497110400000', '1.00', '2.00', '3.00', '4.00', '5.00', '250.00', '6.00', '7.00');
INSERT INTO `blowon_record` VALUES ('243', 'GK201706110023', '1', 'lhs', '1', '1497110400000', '11.00', '22.00', '33.00', '44.00', '55.00', '250.00', '66.00', '77.00');
INSERT INTO `blowon_record` VALUES ('244', 'GK201706110024', '1', 'lhs', '1', '1497110400000', '15.00', '354.00', '13218.00', '55.00', '11.00', '250.00', '32.00', '78.00');
INSERT INTO `blowon_record` VALUES ('245', 'GK201706110025', '1', 'lhs', '1', '1497110400000', '11.00', '22.00', '33.00', '44.00', '55.00', '250.00', '66.00', '77.00');
INSERT INTO `blowon_record` VALUES ('246', 'GK201706110026', '1', 'lhs', '1', '1497110400000', '15.00', '354.00', '13218.00', '55.00', '11.00', '250.00', '32.00', '78.00');
INSERT INTO `blowon_record` VALUES ('247', 'GK201706110027', '1', 'lhs', '1', '1497110400000', '11.00', '22.00', '33.00', '44.00', '55.00', '250.00', '66.00', '77.00');
INSERT INTO `blowon_record` VALUES ('248', 'GK201706110028', '1', 'lhs', '1', '1497110400000', '1.00', '2.00', '3.00', '4.00', '5.00', '250.00', '6.00', '7.00');
INSERT INTO `blowon_record` VALUES ('249', 'GK201706110029', '1', 'lhs', '1', '1497110400000', '11.00', '22.00', '33.00', '44.00', '55.00', '250.00', '66.00', '77.00');
INSERT INTO `blowon_record` VALUES ('250', 'GK201706110028', '1', 'lhs', '1', '1497110400000', '1.00', '2.00', '3.00', '4.00', '5.00', '250.00', '6.00', '7.00');
INSERT INTO `blowon_record` VALUES ('251', 'GK201706110029', '1', 'lhs', '1', '1497110400000', '11.00', '22.00', '33.00', '44.00', '55.00', '250.00', '66.00', '77.00');
INSERT INTO `blowon_record` VALUES ('252', 'GK201706110030', '1', 'lhs', '1', '1497110400000', '15.00', '354.00', '13218.00', '55.00', '11.00', '250.00', '32.00', '78.00');
INSERT INTO `blowon_record` VALUES ('253', 'GK201706110031', '1', 'lhs', '1', '1497110400000', '11.00', '22.00', '33.00', '44.00', '55.00', '250.00', '66.00', '77.00');
INSERT INTO `blowon_record` VALUES ('254', 'GK201706110032', '1', 'lhs', '1', '1497110400000', '1.00', '2.00', '3.00', '4.00', '5.00', '250.00', '6.00', '7.00');
INSERT INTO `blowon_record` VALUES ('255', 'GK201706110033', '1', 'lhs', '1', '1497110400000', '11.00', '22.00', '33.00', '44.00', '55.00', '250.00', '66.00', '77.00');
INSERT INTO `blowon_record` VALUES ('256', 'GK201706110032', '1', 'lhs', '1', '1497110400000', '15.00', '354.00', '13218.00', '55.00', '11.00', '250.00', '32.00', '78.00');
INSERT INTO `blowon_record` VALUES ('257', 'GK201706110033', '1', 'lhs', '1', '1497110400000', '11.00', '22.00', '33.00', '44.00', '55.00', '250.00', '66.00', '77.00');
INSERT INTO `blowon_record` VALUES ('258', 'GK201706110036', '1', 'lhs', '1', '1497110400000', '15.00', '354.00', '13218.00', '55.00', '11.00', '250.00', '32.00', '78.00');
INSERT INTO `blowon_record` VALUES ('259', 'GK201706110037', '1', 'lhs', '1', '1497110400000', '11.00', '22.00', '33.00', '44.00', '55.00', '250.00', '66.00', '77.00');
INSERT INTO `blowon_record` VALUES ('260', 'GK201706110036', '1', 'lhs', '1', '1497110400000', '1.00', '2.00', '3.00', '4.00', '5.00', '250.00', '6.00', '7.00');
INSERT INTO `blowon_record` VALUES ('261', 'GK201706110037', '1', 'lhs', '1', '1497110400000', '11.00', '22.00', '33.00', '44.00', '55.00', '250.00', '66.00', '77.00');
INSERT INTO `blowon_record` VALUES ('262', 'GK201706110042', '1', 'lhs', '1', '1497110400000', '2.00', '4.00', '6.00', '8.00', '10.00', '250.00', '11.00', '12.00');
INSERT INTO `blowon_record` VALUES ('263', 'GK201706110043', '1', 'lhs', '1', '1497110400000', '2.00', '4.00', '6.00', '8.00', '10.00', '250.00', '11.00', '12.00');
INSERT INTO `blowon_record` VALUES ('264', 'GK201706110044', '1', 'lhs', '1', '1497110400000', '0.10', '0.10', '0.10', '0.10', '0.60', '30.00', '1.00', '1.00');
INSERT INTO `blowon_record` VALUES ('265', 'GK201706110045', '1', 'lhs', '1', '20171129', '0.20', '0.20', '0.20', '0.30', '0.10', '200.00', '9.00', '7.00');

-- ----------------------------
-- Table structure for check_warehouse_others_record
-- ----------------------------
DROP TABLE IF EXISTS `check_warehouse_others_record`;
CREATE TABLE `check_warehouse_others_record` (
  `id` int(11) NOT NULL AUTO_INCREMENT COMMENT '其他清仓记录id',
  `check_num` char(14) NOT NULL COMMENT '清仓编号',
  `staff_id` int(11) NOT NULL COMMENT '登记者id',
  `staff_name` varchar(20) NOT NULL COMMENT '登记者名字',
  `product_model_info_id` int(11) NOT NULL COMMENT '产品型号id',
  `check_date` bigint(20) NOT NULL COMMENT '清仓日期',
  `blank_inventory` float(9,2) NOT NULL COMMENT '胚料',
  `semifinished_product_inventory` float(9,2) NOT NULL COMMENT '半成品',
  `waste_inventory` float(9,2) NOT NULL COMMENT '废料',
  `leftover_inventory` float(9,2) NOT NULL COMMENT '边角料',
  PRIMARY KEY (`id`),
  KEY `product_model_info_id` (`product_model_info_id`),
  KEY `staff_id` (`staff_id`),
  CONSTRAINT `check_warehouse_others_record_ibfk_1` FOREIGN KEY (`staff_id`) REFERENCES `staff` (`staff_id`),
  CONSTRAINT `check_warehouse_others_record_ibfk_2` FOREIGN KEY (`product_model_info_id`) REFERENCES `product_model_info` (`id`),
  CONSTRAINT `check_warehouse_others_record_ibfk_3` FOREIGN KEY (`staff_id`) REFERENCES `staff` (`staff_id`)
) ENGINE=InnoDB AUTO_INCREMENT=31 DEFAULT CHARSET=utf8 COMMENT='其他清仓记录';

-- ----------------------------
-- Records of check_warehouse_others_record
-- ----------------------------
INSERT INTO `check_warehouse_others_record` VALUES ('1', 'GK201709018888', '1', 'lhs', '1', '20170901', '400.00', '100.00', '30.00', '20.00');
INSERT INTO `check_warehouse_others_record` VALUES ('2', 'GK201711228888', '1', 'lhs', '3', '20171122', '390.00', '10.00', '50.00', '30.00');
INSERT INTO `check_warehouse_others_record` VALUES ('3', 'GK201711118888', '1', 'lhs', '2', '20171002', '290.00', '170.00', '66.00', '22.00');
INSERT INTO `check_warehouse_others_record` VALUES ('4', 'GK201711118888', '1', 'lhs', '3', '201711112', '390.00', '10.00', '50.00', '30.00');
INSERT INTO `check_warehouse_others_record` VALUES ('5', 'GK201711118888', '1', 'lhs', '3', '201711112', '390.00', '10.00', '50.00', '30.00');
INSERT INTO `check_warehouse_others_record` VALUES ('6', 'GK201711118888', '1', 'lhs', '3', '20171111211', '390.00', '10.00', '50.00', '30.00');
INSERT INTO `check_warehouse_others_record` VALUES ('7', 'GK201711118888', '1', 'lhs', '3', '20171111211', '390.00', '10.00', '50.00', '30.00');
INSERT INTO `check_warehouse_others_record` VALUES ('8', 'GK201711118888', '1', 'lhs', '3', '2017111121', '390.00', '10.00', '50.00', '30.00');
INSERT INTO `check_warehouse_others_record` VALUES ('9', 'GK201711118888', '1', 'lhs', '3', '2017111121', '390.00', '10.00', '50.00', '30.00');
INSERT INTO `check_warehouse_others_record` VALUES ('10', 'GK201711118888', '1', 'lhs', '3', '2017111121', '390.00', '10.00', '50.00', '30.00');
INSERT INTO `check_warehouse_others_record` VALUES ('11', 'GK201711118888', '1', 'lhs', '3', '2017111121', '390.00', '10.00', '50.00', '30.00');
INSERT INTO `check_warehouse_others_record` VALUES ('12', 'GK201711118888', '1', 'lhs', '3', '2017111121', '390.00', '10.00', '50.00', '30.00');
INSERT INTO `check_warehouse_others_record` VALUES ('13', 'GK201706110001', '1', 'lhs', '3', '1497110400000', '390.00', '10.00', '50.00', '30.00');
INSERT INTO `check_warehouse_others_record` VALUES ('14', 'GK201706110002', '1', 'lhs', '3', '1497110400000', '390.00', '10.00', '50.00', '30.00');
INSERT INTO `check_warehouse_others_record` VALUES ('15', 'GK201706110003', '1', 'lhs', '3', '1497110400000', '390.00', '10.00', '50.00', '30.00');
INSERT INTO `check_warehouse_others_record` VALUES ('16', 'GK201706110004', '1', 'lhs', '3', '1497110400000', '390.00', '10.00', '50.00', '30.00');
INSERT INTO `check_warehouse_others_record` VALUES ('17', 'GK201706110005', '1', 'lhs', '3', '1497110400000', '390.00', '10.00', '50.00', '30.00');
INSERT INTO `check_warehouse_others_record` VALUES ('18', 'GK201706110006', '1', 'lhs', '3', '1497110400000', '390.00', '10.00', '50.00', '30.00');
INSERT INTO `check_warehouse_others_record` VALUES ('19', 'GK201706110007', '1', 'lhs', '3', '1497110400000', '390.00', '10.00', '50.00', '30.00');
INSERT INTO `check_warehouse_others_record` VALUES ('20', 'GK201706110008', '1', 'lhs', '3', '1497110400000', '390.00', '10.00', '50.00', '30.00');
INSERT INTO `check_warehouse_others_record` VALUES ('21', 'GK201706110009', '1', 'lhs', '1', '1497110400000', '10.00', '10.00', '10.00', '10.00');
INSERT INTO `check_warehouse_others_record` VALUES ('22', 'GK201706110010', '1', 'lhs', '1', '1497110400000', '10.00', '10.00', '10.00', '10.00');
INSERT INTO `check_warehouse_others_record` VALUES ('23', 'GK201706110010', '1', 'lhs', '1', '1497110400000', '10.00', '10.00', '10.00', '10.00');
INSERT INTO `check_warehouse_others_record` VALUES ('24', 'GK201706110012', '1', 'lhs', '1', '1497110400000', '10.00', '10.00', '10.00', '10.00');
INSERT INTO `check_warehouse_others_record` VALUES ('25', 'GK201706110012', '1', 'lhs', '1', '1497110400000', '10.00', '10.00', '10.00', '10.00');
INSERT INTO `check_warehouse_others_record` VALUES ('26', 'GK201706110014', '1', 'lhs', '1', '1497110400000', '10.00', '10.00', '10.00', '10.00');
INSERT INTO `check_warehouse_others_record` VALUES ('27', 'GK201706110015', '1', 'lhs', '1', '1497110400000', '10.00', '10.00', '10.00', '10.00');
INSERT INTO `check_warehouse_others_record` VALUES ('28', 'GK201706110015', '1', 'lhs', '1', '1497110400000', '10.00', '10.00', '10.00', '10.00');
INSERT INTO `check_warehouse_others_record` VALUES ('29', 'GK201706110017', '1', 'lhs', '1', '1497110400000', '10.00', '10.00', '10.00', '10.00');
INSERT INTO `check_warehouse_others_record` VALUES ('30', 'GK201706110018', '1', 'lhs', '1', '1497110400000', '10.00', '10.00', '10.00', '10.00');

-- ----------------------------
-- Table structure for check_warehouse_product_record
-- ----------------------------
DROP TABLE IF EXISTS `check_warehouse_product_record`;
CREATE TABLE `check_warehouse_product_record` (
  `id` int(11) NOT NULL AUTO_INCREMENT COMMENT '产品清仓记录id',
  `check_num` char(14) NOT NULL COMMENT '产品清仓编号',
  `staff_id` int(11) NOT NULL COMMENT '登记者id',
  `staff_name` varchar(20) NOT NULL COMMENT '登记者名字',
  `product_id` int(11) NOT NULL COMMENT '产品id',
  `check_date` bigint(20) NOT NULL COMMENT '清仓日期',
  `product_inventory` float(9,2) NOT NULL COMMENT '产品数量',
  PRIMARY KEY (`id`),
  KEY `staff_id` (`staff_id`),
  KEY `product_id` (`product_id`),
  CONSTRAINT `check_warehouse_product_record_ibfk_1` FOREIGN KEY (`staff_id`) REFERENCES `staff` (`staff_id`),
  CONSTRAINT `check_warehouse_product_record_ibfk_2` FOREIGN KEY (`product_id`) REFERENCES `product` (`product_id`)
) ENGINE=InnoDB AUTO_INCREMENT=44 DEFAULT CHARSET=utf8 COMMENT='产品清仓记录';

-- ----------------------------
-- Records of check_warehouse_product_record
-- ----------------------------
INSERT INTO `check_warehouse_product_record` VALUES ('1', 'GK201709018888', '1', 'lhs', '2', '20170901', '2000.00');
INSERT INTO `check_warehouse_product_record` VALUES ('2', 'GK201709088888', '1', 'lhs', '2', '20170930', '1400.00');
INSERT INTO `check_warehouse_product_record` VALUES ('3', 'GK201711018888', '1', 'lhs', '3', '20171101', '2300.00');
INSERT INTO `check_warehouse_product_record` VALUES ('4', 'GK201709028888', '1', 'lhs', '3', '20170902', '1400.00');
INSERT INTO `check_warehouse_product_record` VALUES ('5', 'GK201711018888', '1', 'lhs', '3', '201711031', '2300.00');
INSERT INTO `check_warehouse_product_record` VALUES ('6', 'GK201711018888', '1', 'lhs', '3', '2017110331', '2300.00');
INSERT INTO `check_warehouse_product_record` VALUES ('7', 'GK201711018888', '1', 'lhs', '3', '20171103321', '2300.00');
INSERT INTO `check_warehouse_product_record` VALUES ('8', 'GK201711018888', '1', 'lhs', '3', '20171103321', '2300.00');
INSERT INTO `check_warehouse_product_record` VALUES ('9', 'GK201711018888', '1', 'lhs', '3', '2017110331', '2300.00');
INSERT INTO `check_warehouse_product_record` VALUES ('10', 'GK201711018888', '1', 'lhs', '3', '20171103311', '2300.00');
INSERT INTO `check_warehouse_product_record` VALUES ('11', 'GK201711018888', '1', 'lhs', '3', '20171103311', '2300.00');
INSERT INTO `check_warehouse_product_record` VALUES ('12', 'GK201711018888', '1', 'lhs', '3', '20171103311', '2300.00');
INSERT INTO `check_warehouse_product_record` VALUES ('13', 'GK201711018888', '1', 'lhs', '3', '2017110331', '2300.00');
INSERT INTO `check_warehouse_product_record` VALUES ('14', 'GK201711018888', '1', 'lhs', '3', '2017110331', '2300.00');
INSERT INTO `check_warehouse_product_record` VALUES ('15', 'GK201706110001', '1', 'lhs', '3', '1497110400000', '2300.00');
INSERT INTO `check_warehouse_product_record` VALUES ('16', 'GK201706110002', '1', 'lhs', '3', '1497110400000', '2300.00');
INSERT INTO `check_warehouse_product_record` VALUES ('17', 'GK201706110003', '1', 'lhs', '3', '1497110400000', '2300.00');
INSERT INTO `check_warehouse_product_record` VALUES ('18', 'GK201706110004', '1', 'lhs', '3', '1497110400000', '2300.00');
INSERT INTO `check_warehouse_product_record` VALUES ('19', 'GK201706110005', '1', 'lhs', '3', '1497110400000', '20.00');
INSERT INTO `check_warehouse_product_record` VALUES ('20', 'GK201706110006', '1', 'lhs', '3', '1497110400000', '20.00');
INSERT INTO `check_warehouse_product_record` VALUES ('21', 'GK201706110006', '1', 'lhs', '3', '1497110400000', '20.00');
INSERT INTO `check_warehouse_product_record` VALUES ('22', 'GK201706110006', '1', 'lhs', '3', '1497110400000', '20.00');
INSERT INTO `check_warehouse_product_record` VALUES ('23', 'GK201706110009', '1', 'lhs', '2', '1497110400000', '999.00');
INSERT INTO `check_warehouse_product_record` VALUES ('24', 'GK201706110010', '1', 'lhs', '2', '1497110400000', '999.00');
INSERT INTO `check_warehouse_product_record` VALUES ('25', 'GK201706110010', '1', 'lhs', '2', '1497110400000', '999.00');
INSERT INTO `check_warehouse_product_record` VALUES ('26', 'GK201706110012', '1', 'lhs', '2', '1497110400000', '999.00');
INSERT INTO `check_warehouse_product_record` VALUES ('27', 'GK201706110013', '1', 'lhs', '3', '1497110400000', '2300.00');
INSERT INTO `check_warehouse_product_record` VALUES ('28', 'GK201706110014', '1', 'lhs', '3', '1497110400000', '2300.00');
INSERT INTO `check_warehouse_product_record` VALUES ('29', 'GK201706110015', '1', 'lhs', '3', '1497110400000', '2300.00');
INSERT INTO `check_warehouse_product_record` VALUES ('30', 'GK201706110016', '1', 'lhs', '3', '1497110400000', '2300.00');
INSERT INTO `check_warehouse_product_record` VALUES ('31', 'GK201706110017', '1', 'lhs', '3', '1497110400000', '2300.00');
INSERT INTO `check_warehouse_product_record` VALUES ('32', 'GK201706110018', '1', 'lhs', '3', '1497110400000', '2300.00');
INSERT INTO `check_warehouse_product_record` VALUES ('33', 'GK201706110019', '1', 'lhs', '3', '1497110400000', '2300.00');
INSERT INTO `check_warehouse_product_record` VALUES ('34', 'GK201706110020', '1', 'lhs', '3', '1497110400000', '2300.00');
INSERT INTO `check_warehouse_product_record` VALUES ('35', 'GK201706110021', '1', 'lhs', '3', '1497110400000', '2300.00');
INSERT INTO `check_warehouse_product_record` VALUES ('36', 'GK201706110022', '1', 'lhs', '3', '1497110400000', '2300.00');
INSERT INTO `check_warehouse_product_record` VALUES ('37', 'GK201706110023', '1', 'lhs', '3', '1497110400000', '2300.00');
INSERT INTO `check_warehouse_product_record` VALUES ('38', 'GK201706110024', '1', 'lhs', '3', '1497110400000', '2300.00');
INSERT INTO `check_warehouse_product_record` VALUES ('39', 'GK201706110025', '1', 'lhs', '3', '1497110400000', '2300.00');
INSERT INTO `check_warehouse_product_record` VALUES ('40', 'GK201706110026', '1', 'lhs', '3', '1497110400000', '2300.00');
INSERT INTO `check_warehouse_product_record` VALUES ('41', 'GK201706110027', '1', 'lhs', '3', '1497110400000', '2300.00');
INSERT INTO `check_warehouse_product_record` VALUES ('42', 'GK201706110028', '1', 'lhs', '3', '1497110400000', '20.00');
INSERT INTO `check_warehouse_product_record` VALUES ('43', 'GK201706110029', '1', 'lhs', '2', '1497110400000', '999.00');

-- ----------------------------
-- Table structure for customer
-- ----------------------------
DROP TABLE IF EXISTS `customer`;
CREATE TABLE `customer` (
  `customer_id` int(11) NOT NULL AUTO_INCREMENT COMMENT '客户id',
  `customer_name` varchar(20) NOT NULL COMMENT '客户姓名',
  `customer_phone` char(11) NOT NULL COMMENT '联系方式',
  `customer_address` varchar(200) NOT NULL COMMENT '收货地址',
  PRIMARY KEY (`customer_id`)
) ENGINE=InnoDB AUTO_INCREMENT=2 DEFAULT CHARSET=utf8 COMMENT='客户信息';

-- ----------------------------
-- Records of customer
-- ----------------------------
INSERT INTO `customer` VALUES ('1', 'sdfs', '1213123123', 'dsfadsfwefsd');

-- ----------------------------
-- Table structure for factory_out_storage_record
-- ----------------------------
DROP TABLE IF EXISTS `factory_out_storage_record`;
CREATE TABLE `factory_out_storage_record` (
  `id` int(11) NOT NULL AUTO_INCREMENT COMMENT '工厂出库记录id',
  `out_storage_num` char(14) NOT NULL COMMENT '出库编号',
  `staff_id` int(11) NOT NULL COMMENT '登记者id',
  `staff_name` varchar(20) NOT NULL COMMENT '登记者名字',
  `product_id` int(11) NOT NULL COMMENT '产品id',
  `out_storage_date` bigint(20) NOT NULL COMMENT '出库日期',
  `out_storage_quantity` float(9,2) NOT NULL COMMENT '出库总量',
  PRIMARY KEY (`id`),
  KEY `staff_id` (`staff_id`),
  KEY `product_id` (`product_id`),
  CONSTRAINT `factory_out_storage_record_ibfk_1` FOREIGN KEY (`staff_id`) REFERENCES `staff` (`staff_id`),
  CONSTRAINT `factory_out_storage_record_ibfk_2` FOREIGN KEY (`product_id`) REFERENCES `product` (`product_id`)
) ENGINE=InnoDB AUTO_INCREMENT=44 DEFAULT CHARSET=utf8 COMMENT='工厂出库记录';

-- ----------------------------
-- Records of factory_out_storage_record
-- ----------------------------
INSERT INTO `factory_out_storage_record` VALUES ('1', 'GK201709118888', '1', 'lhs', '2', '20170911', '200.00');
INSERT INTO `factory_out_storage_record` VALUES ('2', 'GK201710108888', '1', 'lhs', '4', '20171026', '380.00');
INSERT INTO `factory_out_storage_record` VALUES ('3', 'GK201710108888', '1', 'lhs', '2', '201710101', '200.00');
INSERT INTO `factory_out_storage_record` VALUES ('4', 'GK201710108888', '1', 'lhs', '2', '2017101011', '200.00');
INSERT INTO `factory_out_storage_record` VALUES ('5', 'GK201710108888', '1', 'lhs', '2', '2017101011', '200.00');
INSERT INTO `factory_out_storage_record` VALUES ('6', 'GK201710108888', '1', 'lhs', '2', '20171010111', '200.00');
INSERT INTO `factory_out_storage_record` VALUES ('7', 'GK201710108888', '1', 'lhs', '2', '20171010111', '200.00');
INSERT INTO `factory_out_storage_record` VALUES ('8', 'GK201710108888', '1', 'lhs', '2', '2017101087', '200.00');
INSERT INTO `factory_out_storage_record` VALUES ('9', 'GC201706110001', '1', 'lhs', '2', '1497110400000', '200.00');
INSERT INTO `factory_out_storage_record` VALUES ('10', 'GC201706110002', '1', 'lhs', '2', '1497110400000', '300.00');
INSERT INTO `factory_out_storage_record` VALUES ('11', 'GC201706110003', '1', 'lhs', '2', '1497110400000', '700.00');
INSERT INTO `factory_out_storage_record` VALUES ('12', 'GC201706110004', '1', 'lhs', '2', '1497110400000', '700.00');
INSERT INTO `factory_out_storage_record` VALUES ('13', 'GC201706110005', '1', 'lhs', '3', '2017102222', '100.00');
INSERT INTO `factory_out_storage_record` VALUES ('14', 'GC201706110005', '1', 'lhs', '2', '1497110400000', '100.00');
INSERT INTO `factory_out_storage_record` VALUES ('15', 'GC201706110006', '1', 'lhs', '2', '1497110400000', '100.00');
INSERT INTO `factory_out_storage_record` VALUES ('16', 'GC201706110007', '1', 'lhs', '2', '1497110400000', '100.00');
INSERT INTO `factory_out_storage_record` VALUES ('17', 'GC201706110008', '1', 'lhs', '2', '1497110400000', '100.00');
INSERT INTO `factory_out_storage_record` VALUES ('18', 'GC201706110009', '1', 'lhs', '2', '1497110400000', '100.00');
INSERT INTO `factory_out_storage_record` VALUES ('19', 'GC201706110010', '1', 'lhs', '2', '1497110400000', '100.00');
INSERT INTO `factory_out_storage_record` VALUES ('20', 'GC201706110011', '1', 'lhs', '2', '1497110400000', '100.00');
INSERT INTO `factory_out_storage_record` VALUES ('21', 'GC201706110012', '1', 'lhs', '2', '1497110400000', '100.00');
INSERT INTO `factory_out_storage_record` VALUES ('22', 'GC201706110013', '1', 'lhs', '2', '1497110400000', '100.00');
INSERT INTO `factory_out_storage_record` VALUES ('23', 'GC201706110014', '1', 'lhs', '2', '1497110400000', '100.00');
INSERT INTO `factory_out_storage_record` VALUES ('24', 'GC201706110015', '1', 'lhs', '2', '1497110400000', '100.00');
INSERT INTO `factory_out_storage_record` VALUES ('25', 'GC201706110016', '1', 'lhs', '2', '1497110400000', '100.00');
INSERT INTO `factory_out_storage_record` VALUES ('26', 'GC201706110017', '1', 'lhs', '2', '1497110400000', '100.00');
INSERT INTO `factory_out_storage_record` VALUES ('27', 'GC201706110018', '1', 'lhs', '2', '1497110400000', '100.00');
INSERT INTO `factory_out_storage_record` VALUES ('28', 'GC201706110019', '1', 'lhs', '2', '1497110400000', '100.00');
INSERT INTO `factory_out_storage_record` VALUES ('29', 'GC201706110020', '1', 'lhs', '2', '1497110400000', '100.00');
INSERT INTO `factory_out_storage_record` VALUES ('30', 'GC201706110021', '1', 'lhs', '2', '1497110400000', '100.00');
INSERT INTO `factory_out_storage_record` VALUES ('31', 'GC201706110022', '1', 'lhs', '2', '1497110400000', '100.00');
INSERT INTO `factory_out_storage_record` VALUES ('32', 'GC201706110023', '1', 'lhs', '2', '1497110400000', '100.00');
INSERT INTO `factory_out_storage_record` VALUES ('33', 'GC201706110024', '1', 'lhs', '2', '1497110400000', '100.00');
INSERT INTO `factory_out_storage_record` VALUES ('34', 'GC201706110025', '1', 'lhs', '2', '1497110400000', '100.00');
INSERT INTO `factory_out_storage_record` VALUES ('35', 'GC201706110026', '1', 'lhs', '2', '1497110400000', '100.00');
INSERT INTO `factory_out_storage_record` VALUES ('36', 'GC201706110027', '1', 'lhs', '2', '1497110400000', '100.00');
INSERT INTO `factory_out_storage_record` VALUES ('37', 'GC201706110028', '1', 'lhs', '2', '1497110400000', '100.00');
INSERT INTO `factory_out_storage_record` VALUES ('38', 'GC201706110029', '1', 'lhs', '2', '1497110400000', '100.00');
INSERT INTO `factory_out_storage_record` VALUES ('39', 'GC201706110030', '1', 'lhs', '2', '1497110400000', '100.00');
INSERT INTO `factory_out_storage_record` VALUES ('40', 'GC201706110031', '1', 'lhs', '2', '1497110400000', '100.00');
INSERT INTO `factory_out_storage_record` VALUES ('41', 'GC201706110032', '1', 'lhs', '2', '1497110400000', '100.00');
INSERT INTO `factory_out_storage_record` VALUES ('42', 'GC201706110033', '1', 'lhs', '2', '1497110400000', '100.00');
INSERT INTO `factory_out_storage_record` VALUES ('43', 'GC201706110034', '1', 'lhs', '2', '1497110400000', '100.00');

-- ----------------------------
-- Table structure for factory_product_inventory
-- ----------------------------
DROP TABLE IF EXISTS `factory_product_inventory`;
CREATE TABLE `factory_product_inventory` (
  `id` int(11) NOT NULL AUTO_INCREMENT COMMENT '工厂产品库存id',
  `product_id` int(11) NOT NULL COMMENT '产品id',
  `product_inventory` float(9,2) NOT NULL DEFAULT '0.00' COMMENT '库存总量',
  PRIMARY KEY (`id`),
  KEY `product_id` (`product_id`),
  CONSTRAINT `factory_product_inventory_ibfk_1` FOREIGN KEY (`product_id`) REFERENCES `product` (`product_id`)
) ENGINE=InnoDB AUTO_INCREMENT=8 DEFAULT CHARSET=utf8 COMMENT='工厂产品库存';

-- ----------------------------
-- Records of factory_product_inventory
-- ----------------------------
INSERT INTO `factory_product_inventory` VALUES ('1', '2', '1900.00');
INSERT INTO `factory_product_inventory` VALUES ('2', '1', '1000.00');
INSERT INTO `factory_product_inventory` VALUES ('3', '3', '799.00');
INSERT INTO `factory_product_inventory` VALUES ('4', '4', '666.00');
INSERT INTO `factory_product_inventory` VALUES ('5', '5', '350.00');
INSERT INTO `factory_product_inventory` VALUES ('6', '6', '1710.00');
INSERT INTO `factory_product_inventory` VALUES ('7', '7', '600.00');

-- ----------------------------
-- Table structure for material
-- ----------------------------
DROP TABLE IF EXISTS `material`;
CREATE TABLE `material` (
  `material_id` int(11) NOT NULL AUTO_INCREMENT COMMENT '原料id',
  `material_class` char(1) NOT NULL COMMENT '原料种类',
  `material_inventory` float(7,2) NOT NULL DEFAULT '0.00' COMMENT '原料库存,单位:千克',
  PRIMARY KEY (`material_id`)
) ENGINE=InnoDB AUTO_INCREMENT=2 DEFAULT CHARSET=utf8 COMMENT='原料表';

-- ----------------------------
-- Records of material
-- ----------------------------
INSERT INTO `material` VALUES ('1', '银', '3000.00');

-- ----------------------------
-- Table structure for material_purchase_record
-- ----------------------------
DROP TABLE IF EXISTS `material_purchase_record`;
CREATE TABLE `material_purchase_record` (
  `id` int(11) NOT NULL AUTO_INCREMENT COMMENT '原料采购记录id',
  `material_id` int(11) NOT NULL COMMENT '原料id',
  `staff_id` int(11) NOT NULL COMMENT '登记者id',
  `staff_name` varchar(20) NOT NULL COMMENT '员工名字不能修改，所以用冗余字段',
  `purchase_num` char(14) NOT NULL COMMENT '采购编号',
  `purchase_date` bigint(20) NOT NULL COMMENT '采购日期',
  `purchase_quantity` float(9,2) NOT NULL COMMENT '采购量',
  `unit_price` float(9,2) NOT NULL COMMENT '单价',
  `total_price` float(20,2) NOT NULL COMMENT '总价',
  PRIMARY KEY (`id`),
  KEY `material_id` (`material_id`),
  KEY `staff_id` (`staff_id`),
  CONSTRAINT `material_purchase_record_ibfk_1` FOREIGN KEY (`material_id`) REFERENCES `material` (`material_id`),
  CONSTRAINT `material_purchase_record_ibfk_2` FOREIGN KEY (`staff_id`) REFERENCES `staff` (`staff_id`)
) ENGINE=InnoDB AUTO_INCREMENT=2 DEFAULT CHARSET=utf8 COMMENT='原料采购记录';

-- ----------------------------
-- Records of material_purchase_record
-- ----------------------------
INSERT INTO `material_purchase_record` VALUES ('1', '1', '1', 'lhs', '21', '231212313212', '122.00', '10.00', '1220.00');

-- ----------------------------
-- Table structure for permission
-- ----------------------------
DROP TABLE IF EXISTS `permission`;
CREATE TABLE `permission` (
  `permission_id` int(11) NOT NULL AUTO_INCREMENT COMMENT '权限id',
  `permission_name` varchar(100) NOT NULL COMMENT '权限名',
  `permission_description` varchar(100) NOT NULL COMMENT '权限描述',
  PRIMARY KEY (`permission_id`)
) ENGINE=InnoDB AUTO_INCREMENT=2 DEFAULT CHARSET=utf8 COMMENT='权限表';

-- ----------------------------
-- Records of permission
-- ----------------------------
INSERT INTO `permission` VALUES ('1', 'sfs', 'fsdfsdf');

-- ----------------------------
-- Table structure for product
-- ----------------------------
DROP TABLE IF EXISTS `product`;
CREATE TABLE `product` (
  `product_id` int(11) NOT NULL AUTO_INCREMENT COMMENT '产品id',
  `product_model_info_id` int(11) NOT NULL COMMENT '产品型号id',
  `product_size` varchar(100) NOT NULL COMMENT '产品规格 长*宽*厚',
  `product_shape` char(1) NOT NULL COMMENT '产品形态:直/弯',
  PRIMARY KEY (`product_id`),
  KEY `product_model_info_id` (`product_model_info_id`),
  CONSTRAINT `product_ibfk_1` FOREIGN KEY (`product_model_info_id`) REFERENCES `product_model_info` (`id`)
) ENGINE=InnoDB AUTO_INCREMENT=8 DEFAULT CHARSET=utf8 COMMENT='产品';

-- ----------------------------
-- Records of product
-- ----------------------------
INSERT INTO `product` VALUES ('1', '2', '0.1*0.3*3', '直');
INSERT INTO `product` VALUES ('2', '1', '1*1*1', '弯');
INSERT INTO `product` VALUES ('3', '1', '1*1*1', '直');
INSERT INTO `product` VALUES ('4', '1', '0.2*33*2', '弯');
INSERT INTO `product` VALUES ('5', '3', '1*1*1', '直');
INSERT INTO `product` VALUES ('6', '5', '1*1*1', '弯');
INSERT INTO `product` VALUES ('7', '4', '1*1*1', '直');

-- ----------------------------
-- Table structure for product_model_info
-- ----------------------------
DROP TABLE IF EXISTS `product_model_info`;
CREATE TABLE `product_model_info` (
  `id` int(11) NOT NULL AUTO_INCREMENT COMMENT '产品型号信息id',
  `staff_id` int(11) NOT NULL COMMENT '登记者id',
  `staff_name` varchar(20) NOT NULL COMMENT '员工名字不能修改，所以用冗余字段',
  `product_model` varchar(100) NOT NULL COMMENT '产品型号',
  `add_date` bigint(20) NOT NULL COMMENT '添加日期',
  `ratio_ag` float(4,2) NOT NULL DEFAULT '0.00' COMMENT '银占比',
  `ratio_cu` float(4,2) NOT NULL DEFAULT '0.00' COMMENT '铜占比',
  `ratio_zn` float(4,2) NOT NULL DEFAULT '0.00' COMMENT '锌占比',
  `ratio_cd` float(4,2) NOT NULL DEFAULT '0.00' COMMENT '镉占比',
  `ratio_sn` float(4,2) NOT NULL DEFAULT '0.00' COMMENT '锡占比',
  PRIMARY KEY (`id`),
  KEY `staff_id` (`staff_id`),
  CONSTRAINT `product_model_info_ibfk_1` FOREIGN KEY (`staff_id`) REFERENCES `staff` (`staff_id`)
) ENGINE=InnoDB AUTO_INCREMENT=46 DEFAULT CHARSET=utf8 COMMENT='产品型号信息';

-- ----------------------------
-- Records of product_model_info
-- ----------------------------
INSERT INTO `product_model_info` VALUES ('1', '1', 'lhs', 'pm201710209', '20171011', '0.20', '0.20', '0.30', '0.10', '0.20');
INSERT INTO `product_model_info` VALUES ('2', '1', 'lhs', 'pm20170210', '20170210', '0.10', '0.10', '0.10', '0.10', '0.60');
INSERT INTO `product_model_info` VALUES ('3', '1', 'lhs', 'pm20170215', '20170215', '0.30', '0.10', '0.20', '0.10', '0.30');
INSERT INTO `product_model_info` VALUES ('4', '1', 'lhs', 'pm20170217', '20170217', '0.30', '0.10', '0.20', '0.10', '0.30');
INSERT INTO `product_model_info` VALUES ('5', '1', 'lhs', 'pm20171224', '201712241', '0.10', '0.10', '0.20', '0.20', '0.40');
INSERT INTO `product_model_info` VALUES ('10', '1', 'lhs', 'A', '2017122431', '0.10', '0.10', '0.20', '0.20', '0.40');
INSERT INTO `product_model_info` VALUES ('11', '1', 'lhs', 'B', '2017122431', '0.10', '0.10', '0.20', '0.20', '0.40');
INSERT INTO `product_model_info` VALUES ('12', '1', 'lhs', 'C', '2017122431', '0.10', '0.10', '0.20', '0.20', '0.40');
INSERT INTO `product_model_info` VALUES ('13', '1', 'lhs', 'D', '2017122431', '0.10', '0.10', '0.20', '0.20', '0.40');
INSERT INTO `product_model_info` VALUES ('14', '1', 'lhs', 'E', '2017122431', '0.10', '0.10', '0.20', '0.20', '0.40');
INSERT INTO `product_model_info` VALUES ('15', '1', 'lhs', 'EF', '2017122431', '0.10', '0.10', '0.20', '0.20', '0.40');
INSERT INTO `product_model_info` VALUES ('16', '1', 'lhs', 'AEF', '2017122431', '0.10', '0.10', '0.20', '0.20', '0.40');
INSERT INTO `product_model_info` VALUES ('17', '1', 'lhs', 'AF', '2017122431', '0.10', '0.10', '0.20', '0.20', '0.40');
INSERT INTO `product_model_info` VALUES ('18', '1', 'lhs', 'AWF', '2017122431', '0.10', '0.10', '0.20', '0.20', '0.40');
INSERT INTO `product_model_info` VALUES ('19', '1', 'lhs', 'AWFQ', '2017122431', '0.10', '0.10', '0.20', '0.20', '0.40');
INSERT INTO `product_model_info` VALUES ('20', '1', 'lhs', 'AWDQ', '2017122431', '0.10', '0.10', '0.20', '0.20', '0.40');
INSERT INTO `product_model_info` VALUES ('21', '1', 'lhs', 'ADWDQ', '2017122431', '0.10', '0.10', '0.20', '0.20', '0.40');
INSERT INTO `product_model_info` VALUES ('22', '1', 'lhs', 'ADWDDQ', '2017122431', '0.10', '0.10', '0.20', '0.20', '0.40');
INSERT INTO `product_model_info` VALUES ('23', '1', 'lhs', 'ADWSDDQ', '2017122431', '0.10', '0.10', '0.20', '0.20', '0.40');
INSERT INTO `product_model_info` VALUES ('24', '1', 'lhs', 'ADWSDSDDQ', '2017122431', '0.10', '0.10', '0.20', '0.20', '0.40');
INSERT INTO `product_model_info` VALUES ('25', '1', 'lhs', 'DSDDQ', '2017122431', '0.10', '0.10', '0.20', '0.20', '0.40');
INSERT INTO `product_model_info` VALUES ('26', '1', 'lhs', 'DSDDQE', '2017122431', '0.10', '0.10', '0.20', '0.20', '0.40');
INSERT INTO `product_model_info` VALUES ('27', '1', 'lhs', 'DSDDEQE', '2017122431', '0.10', '0.10', '0.20', '0.20', '0.40');
INSERT INTO `product_model_info` VALUES ('28', '1', 'lhs', 'DSDRDEQE', '2017122431', '0.10', '0.10', '0.20', '0.20', '0.40');
INSERT INTO `product_model_info` VALUES ('29', '1', 'lhs', 'DCSDRDEQE', '2017122431', '0.10', '0.10', '0.20', '0.20', '0.40');
INSERT INTO `product_model_info` VALUES ('30', '1', 'lhs', 'DCSDxDEQE', '2017122431', '0.10', '0.10', '0.20', '0.20', '0.40');
INSERT INTO `product_model_info` VALUES ('31', '1', 'lhs', 'DCSDDxDEQE', '2017122431', '0.10', '0.10', '0.20', '0.20', '0.40');
INSERT INTO `product_model_info` VALUES ('32', '1', 'lhs', 'DCDSDDxDEQE', '2017122431', '0.10', '0.10', '0.20', '0.20', '0.40');
INSERT INTO `product_model_info` VALUES ('33', '1', 'lhs', 'DCDDDEQE', '2017122431', '0.10', '0.10', '0.20', '0.20', '0.40');
INSERT INTO `product_model_info` VALUES ('34', '1', 'lhs', 'DCDsssDDEQE', '2017122431', '0.10', '0.10', '0.20', '0.20', '0.40');
INSERT INTO `product_model_info` VALUES ('35', '1', 'lhs', 'DsdCDsssDDEQE', '2017122431', '0.10', '0.10', '0.20', '0.20', '0.40');
INSERT INTO `product_model_info` VALUES ('36', '1', 'lhs', 'DsdCDsssd', '2017122431', '0.10', '0.10', '0.20', '0.20', '0.40');
INSERT INTO `product_model_info` VALUES ('37', '1', 'lhs', 'DsdweCDsssd', '2017122431', '0.10', '0.10', '0.20', '0.20', '0.40');
INSERT INTO `product_model_info` VALUES ('38', '1', 'lhs', 'DsdwewweCDsssd', '2017122431', '0.10', '0.10', '0.20', '0.20', '0.40');
INSERT INTO `product_model_info` VALUES ('39', '1', 'lhs', 'wCDsssd', '2017122431', '0.10', '0.10', '0.20', '0.20', '0.40');
INSERT INTO `product_model_info` VALUES ('40', '1', 'lhs', 'wCwsd', '2017122431', '0.10', '0.10', '0.20', '0.20', '0.40');
INSERT INTO `product_model_info` VALUES ('41', '1', 'lhs', 'wC22wsd', '2017122431', '0.10', '0.10', '0.20', '0.20', '0.40');
INSERT INTO `product_model_info` VALUES ('42', '1', 'lhs', 'wC2dsd', '2017122431', '0.10', '0.10', '0.20', '0.20', '0.40');
INSERT INTO `product_model_info` VALUES ('43', '1', 'lhs', 'wC2sdfdsd', '2017122431', '0.10', '0.10', '0.20', '0.20', '0.40');
INSERT INTO `product_model_info` VALUES ('44', '1', 'lhs', 'wC2sdfdswed', '2017122431', '0.10', '0.10', '0.20', '0.20', '0.40');
INSERT INTO `product_model_info` VALUES ('45', '1', 'lhs', 'wsdsdweewed', '2017122431', '0.10', '0.10', '0.20', '0.20', '0.40');

-- ----------------------------
-- Table structure for product_produce
-- ----------------------------
DROP TABLE IF EXISTS `product_produce`;
CREATE TABLE `product_produce` (
  `id` int(11) NOT NULL AUTO_INCREMENT COMMENT '产品产出id',
  `produce_num` char(14) NOT NULL COMMENT '产出编号',
  `staff_id` int(11) NOT NULL COMMENT '登记者id',
  `staff_name` varchar(20) NOT NULL COMMENT '登记者名字',
  `product_id` int(11) NOT NULL COMMENT '产品id',
  `produce_date` bigint(20) NOT NULL COMMENT '产出日期',
  `produce_quantity` float(9,2) DEFAULT NULL COMMENT '产出总量',
  PRIMARY KEY (`id`),
  KEY `staff_id` (`staff_id`),
  KEY `product_id` (`product_id`),
  CONSTRAINT `product_produce_ibfk_1` FOREIGN KEY (`staff_id`) REFERENCES `staff` (`staff_id`),
  CONSTRAINT `product_produce_ibfk_2` FOREIGN KEY (`product_id`) REFERENCES `product` (`product_id`)
) ENGINE=InnoDB AUTO_INCREMENT=22 DEFAULT CHARSET=utf8 COMMENT='产品产出';

-- ----------------------------
-- Records of product_produce
-- ----------------------------
INSERT INTO `product_produce` VALUES ('1', 'GK201710117272', '1', 'lhs', '1', '20171011', '300.00');
INSERT INTO `product_produce` VALUES ('2', 'GK201709098888', '1', 'lhs', '3', '20170915', '80.00');
INSERT INTO `product_produce` VALUES ('3', 'GK201709118888', '1', 'lhs', '2', '20170911', '200.00');
INSERT INTO `product_produce` VALUES ('4', 'GK201709158888', '1', 'lhs', '2', '20170915', '400.00');
INSERT INTO `product_produce` VALUES ('5', 'GK201709158888', '1', 'lhs', '2', '20170915230', '400.00');
INSERT INTO `product_produce` VALUES ('6', 'GK201709158888', '1', 'lhs', '2', '20170915230', '400.00');
INSERT INTO `product_produce` VALUES ('7', 'GK201709158888', '1', 'lhs', '2', '201709152301', '400.00');
INSERT INTO `product_produce` VALUES ('8', 'GK201709158888', '1', 'lhs', '2', '2017091523011', '400.00');
INSERT INTO `product_produce` VALUES ('9', 'GK201709158888', '1', 'lhs', '2', '2017091520', '400.00');
INSERT INTO `product_produce` VALUES ('10', 'GK201709158888', '1', 'lhs', '2', '2017091520', '400.00');
INSERT INTO `product_produce` VALUES ('11', 'GK201709158888', '1', 'lhs', '2', '201709152', '400.00');
INSERT INTO `product_produce` VALUES ('12', 'GK201709158888', '1', 'lhs', '2', '201709152', '400.00');
INSERT INTO `product_produce` VALUES ('13', 'GK201709158888', '1', 'lhs', '2', '201709152', '400.00');
INSERT INTO `product_produce` VALUES ('14', 'GK201709158888', '1', 'lhs', '2', '2017091540', '400.00');
INSERT INTO `product_produce` VALUES ('15', 'GK201709158888', '1', 'lhs', '3', '2017091540', '300.00');
INSERT INTO `product_produce` VALUES ('16', 'GK201709158888', '1', 'lhs', '6', '20170903', '200.00');
INSERT INTO `product_produce` VALUES ('17', 'GK201709158888', '1', 'lhs', '6', '2017091540', '300.00');
INSERT INTO `product_produce` VALUES ('18', 'GC201706110002', '1', 'lhs', '6', '1497110400000', '300.00');
INSERT INTO `product_produce` VALUES ('19', 'GC201706110003', '1', 'lhs', '6', '1497110400000', '300.00');
INSERT INTO `product_produce` VALUES ('20', 'GC201706110004', '1', 'lhs', '6', '1497110400000', '300.00');
INSERT INTO `product_produce` VALUES ('21', 'GC201706110005', '1', 'lhs', '6', '1497110400000', '310.00');

-- ----------------------------
-- Table structure for role
-- ----------------------------
DROP TABLE IF EXISTS `role`;
CREATE TABLE `role` (
  `role_id` int(11) NOT NULL AUTO_INCREMENT COMMENT '角色id',
  `role_name` varchar(100) NOT NULL COMMENT '角色名',
  `role_description` varchar(100) NOT NULL COMMENT '角色描述',
  PRIMARY KEY (`role_id`)
) ENGINE=InnoDB AUTO_INCREMENT=2 DEFAULT CHARSET=utf8 COMMENT='角色表';

-- ----------------------------
-- Records of role
-- ----------------------------
INSERT INTO `role` VALUES ('1', 'lhs', 'iamlhs');

-- ----------------------------
-- Table structure for role_permission
-- ----------------------------
DROP TABLE IF EXISTS `role_permission`;
CREATE TABLE `role_permission` (
  `id` int(11) NOT NULL AUTO_INCREMENT COMMENT '记录id',
  `role_id` int(11) NOT NULL COMMENT '角色id',
  `permission_id` int(11) NOT NULL COMMENT '权限id',
  PRIMARY KEY (`id`),
  KEY `role_id` (`role_id`),
  KEY `permission_id` (`permission_id`),
  CONSTRAINT `role_permission_ibfk_1` FOREIGN KEY (`role_id`) REFERENCES `role` (`role_id`),
  CONSTRAINT `role_permission_ibfk_2` FOREIGN KEY (`permission_id`) REFERENCES `permission` (`permission_id`)
) ENGINE=InnoDB AUTO_INCREMENT=2 DEFAULT CHARSET=utf8 COMMENT='角色-权限表';

-- ----------------------------
-- Records of role_permission
-- ----------------------------
INSERT INTO `role_permission` VALUES ('1', '1', '1');

-- ----------------------------
-- Table structure for staff
-- ----------------------------
DROP TABLE IF EXISTS `staff`;
CREATE TABLE `staff` (
  `staff_id` int(11) NOT NULL AUTO_INCREMENT COMMENT '员工id',
  `staff_num` char(10) NOT NULL COMMENT '员工工号',
  `staff_name` varchar(20) NOT NULL COMMENT '姓名',
  `role_id` int(11) NOT NULL COMMENT '角色id,引用role表',
  `staff_state` char(2) NOT NULL COMMENT '就职状态:在职/离职',
  `staff_sex` char(1) NOT NULL COMMENT '性别:男/女',
  `staff_native` varchar(100) DEFAULT NULL COMMENT '籍贯',
  `staff_nation` varchar(10) DEFAULT NULL COMMENT '民族',
  `staff_marriage` char(2) DEFAULT NULL COMMENT '婚姻状况:未婚、已婚、离异',
  `staff_address` varchar(200) DEFAULT NULL COMMENT '家庭住址',
  `staff_entry_date` bigint(20) NOT NULL COMMENT '入职日期',
  `staff_id_num` char(18) NOT NULL COMMENT '身份证号',
  `staff_tel` char(11) DEFAULT NULL COMMENT '手机号码',
  `staff_password` varchar(256) NOT NULL COMMENT '密码(经过加密后的)',
  PRIMARY KEY (`staff_id`),
  KEY `role_id` (`role_id`),
  CONSTRAINT `staff_ibfk_1` FOREIGN KEY (`role_id`) REFERENCES `role` (`role_id`)
) ENGINE=InnoDB AUTO_INCREMENT=7 DEFAULT CHARSET=utf8 COMMENT='员工表';

-- ----------------------------
-- Records of staff
-- ----------------------------
INSERT INTO `staff` VALUES ('1', '1010', 'lhs', '1', '2', '1', '11', null, null, null, '20171020', '212', '21212', '123456');
INSERT INTO `staff` VALUES ('6', '12121', 'zyh', '1', '2', '2', '1', null, null, null, '423232', '232', '232232', '323223');

-- ----------------------------
-- Table structure for warehouse_delivery_record
-- ----------------------------
DROP TABLE IF EXISTS `warehouse_delivery_record`;
CREATE TABLE `warehouse_delivery_record` (
  `id` int(11) NOT NULL AUTO_INCREMENT COMMENT '仓库配送记录id',
  `delivery_num` char(14) NOT NULL COMMENT '配送编号',
  `staff_id` int(11) NOT NULL COMMENT '登记者id',
  `staff_name` varchar(20) NOT NULL COMMENT '登记者名字',
  `warehouse_order_id` int(11) NOT NULL COMMENT '订单id',
  `delivery_date` bigint(20) NOT NULL COMMENT '配送日期',
  `delivery_quantity` float(9,2) NOT NULL COMMENT '配送量',
  PRIMARY KEY (`id`),
  KEY `staff_id` (`staff_id`),
  KEY `warehouse_order_id` (`warehouse_order_id`),
  CONSTRAINT `warehouse_delivery_record_ibfk_1` FOREIGN KEY (`staff_id`) REFERENCES `staff` (`staff_id`),
  CONSTRAINT `warehouse_delivery_record_ibfk_2` FOREIGN KEY (`warehouse_order_id`) REFERENCES `warehouse_order` (`id`)
) ENGINE=InnoDB AUTO_INCREMENT=2 DEFAULT CHARSET=utf8 COMMENT='仓库配送记录';

-- ----------------------------
-- Records of warehouse_delivery_record
-- ----------------------------
INSERT INTO `warehouse_delivery_record` VALUES ('1', '12321231121', '1', 'lhs', '1', '1231231', '10.00');

-- ----------------------------
-- Table structure for warehouse_in_storage_record
-- ----------------------------
DROP TABLE IF EXISTS `warehouse_in_storage_record`;
CREATE TABLE `warehouse_in_storage_record` (
  `id` int(11) NOT NULL AUTO_INCREMENT COMMENT '仓库入仓记录id',
  `in_storage_num` char(14) NOT NULL COMMENT '入库编号',
  `staff_id` int(11) NOT NULL COMMENT '登记者id',
  `staff_name` varchar(20) NOT NULL COMMENT '登记者名字',
  `product_id` int(11) NOT NULL COMMENT '产品id',
  `in_storage_date` bigint(20) NOT NULL COMMENT '入库日期',
  `in_storage_quantity` float(9,2) NOT NULL COMMENT '入库总量',
  PRIMARY KEY (`id`),
  KEY `staff_id` (`staff_id`),
  KEY `product_id` (`product_id`),
  CONSTRAINT `warehouse_in_storage_record_ibfk_1` FOREIGN KEY (`staff_id`) REFERENCES `staff` (`staff_id`),
  CONSTRAINT `warehouse_in_storage_record_ibfk_2` FOREIGN KEY (`product_id`) REFERENCES `product` (`product_id`)
) ENGINE=InnoDB AUTO_INCREMENT=2 DEFAULT CHARSET=utf8 COMMENT='仓库入仓记录';

-- ----------------------------
-- Records of warehouse_in_storage_record
-- ----------------------------
INSERT INTO `warehouse_in_storage_record` VALUES ('1', '12131212', '1', 'lhs', '1', '12312312123', '10.00');

-- ----------------------------
-- Table structure for warehouse_order
-- ----------------------------
DROP TABLE IF EXISTS `warehouse_order`;
CREATE TABLE `warehouse_order` (
  `id` int(11) NOT NULL AUTO_INCREMENT COMMENT '仓库订单id',
  `order_num` char(14) NOT NULL COMMENT '订单编号',
  `staff_id` int(11) NOT NULL COMMENT '登记者id',
  `staff_name` varchar(20) NOT NULL COMMENT '登记者名字',
  `product_id` int(11) NOT NULL COMMENT '产品id',
  `customer_id` int(11) NOT NULL COMMENT '客户id',
  `order_date` bigint(20) NOT NULL COMMENT '订单日期',
  `delivery_quantity_total` float(9,2) NOT NULL COMMENT '总量',
  `delivery_quantity_need` float(9,2) NOT NULL COMMENT '需配送',
  `unit_price` float(9,2) NOT NULL COMMENT '单价',
  `total_price` float(20,2) NOT NULL COMMENT '总价',
  `order_status` varchar(4) NOT NULL COMMENT '订单状态',
  `delivery_date` bigint(20) NOT NULL COMMENT '送达日期',
  PRIMARY KEY (`id`),
  KEY `staff_id` (`staff_id`),
  KEY `product_id` (`product_id`),
  KEY `customer_id` (`customer_id`),
  CONSTRAINT `warehouse_order_ibfk_1` FOREIGN KEY (`staff_id`) REFERENCES `staff` (`staff_id`),
  CONSTRAINT `warehouse_order_ibfk_2` FOREIGN KEY (`product_id`) REFERENCES `product` (`product_id`),
  CONSTRAINT `warehouse_order_ibfk_3` FOREIGN KEY (`customer_id`) REFERENCES `customer` (`customer_id`)
) ENGINE=InnoDB AUTO_INCREMENT=2 DEFAULT CHARSET=utf8 COMMENT='仓库订单';

-- ----------------------------
-- Records of warehouse_order
-- ----------------------------
INSERT INTO `warehouse_order` VALUES ('1', 'ds323121', '1', 'lhs', '2', '1', '2121323121', '11.00', '12.00', '10.00', '120.00', '1', '2122312321');

-- ----------------------------
-- Table structure for warehouse_product_inventory
-- ----------------------------
DROP TABLE IF EXISTS `warehouse_product_inventory`;
CREATE TABLE `warehouse_product_inventory` (
  `id` int(11) NOT NULL AUTO_INCREMENT COMMENT '仓库库存id',
  `product_id` int(11) NOT NULL COMMENT '产品关联id',
  `product_inventory` float(9,2) NOT NULL DEFAULT '0.00' COMMENT '产品库存',
  PRIMARY KEY (`id`),
  KEY `product_id` (`product_id`),
  CONSTRAINT `warehouse_product_inventory_ibfk_1` FOREIGN KEY (`product_id`) REFERENCES `product` (`product_id`)
) ENGINE=InnoDB AUTO_INCREMENT=2 DEFAULT CHARSET=utf8 COMMENT='仓库库存';

-- ----------------------------
-- Records of warehouse_product_inventory
-- ----------------------------
INSERT INTO `warehouse_product_inventory` VALUES ('1', '1', '100.00');
SET FOREIGN_KEY_CHECKS=1;
